step,linear_x,angular_z,repulsive_force
0,0.0,0.0,0.007609926873259516
1,0.0,0.0,0.011750583377050055
2,0.0,0.0,0.04704996744679396
3,0.0,0.0,0.04275042196343443
4,0.0,0.0,0.010924386499314225
5,0.0,0.0,0.05164707381384528
6,0.005,0.0,0.030589575399752277
7,0.005,0.0,0.04981482601083248
8,0.015,0.0,0.052539537821959734
9,0.02,0.0,0.05776643071581368
10,0.02,0.0,0.05702157743547719
11,0.025,0.0,0.06413968058232866
12,0.030000000000000002,0.0,0.06355037051984114
13,0.035,0.0,0.045885773452107315
14,0.04,0.0,0.0929263990804941
15,0.045,0.0,0.053006163839837264
16,0.049999999999999996,0.0,0.04853175281993032
17,0.049999999999999996,0.0,0.011690760113079016
18,0.05499999999999999,0.0,0.05516022721457284
19,0.05999999999999999,0.0,0.03328315808005789
20,0.06499999999999999,0.0,0.07079086918992213
21,0.06999999999999999,0.0,0.046432854230712174
22,0.075,0.0,0.03890724935397585
23,0.08,0.0,0.0378125717560616
24,0.085,0.0,0.03558043677399779
25,0.09000000000000001,0.0,0.0268915067258527
26,0.09500000000000001,0.0,0.026617812640997496
27,0.10000000000000002,0.0,0.025254232108371057
28,0.10500000000000002,0.0,0.024578357538636866
29,0.11000000000000003,0.0,0.019091783730631008
30,0.11500000000000003,0.0,0.036265166987242435
31,0.12000000000000004,0.0,0.025180486608743464
32,0.12500000000000003,0.0,0.019501198007716877
33,0.13000000000000003,0.0,0.020021105332713354
34,0.13500000000000004,0.0,0.0189818982951152
35,0.14000000000000004,0.0,0.019584871106678222
36,0.14500000000000005,0.0,0.020774393450479194
37,0.15000000000000005,0.0,0.017069230183448993
38,0.15500000000000005,0.0,0.014792156827413718
39,0.16000000000000006,0.0,0.014400000496807442
40,0.16000000000000006,0.0,0.012489860287737686
41,0.16500000000000006,0.0,0.013453164824829701
42,0.17000000000000007,0.0,0.012699949352068762
43,0.17500000000000007,0.0,0.010779946150097669
44,0.18000000000000008,0.0,0.0112019602316667
45,0.18500000000000008,0.0,0.010571129795312259
46,0.19000000000000009,0.0,0.010121473079402378
47,0.1950000000000001,0.0,0.009002777549269621
48,0.2000000000000001,0.0,0.008868398491221452
49,0.2000000000000001,0.0,0.009904803339989979
50,0.2050000000000001,0.0,0.010609622873719145
51,0.2100000000000001,0.0,0.007598059775166882
52,0.2150000000000001,0.0,0.009266810597780575
53,0.2200000000000001,0.0,0.008115842817765053
54,0.22500000000000012,0.0,0.030368597939688314
55,0.23000000000000012,0.0,0.01794187696623391
56,0.23500000000000013,0.0,0.03257451622655541
57,0.24000000000000013,0.0,0.022506968195031278
58,0.24500000000000013,0.0,0.6601848577332392
59,0.24500000000000013,0.0,0.1379888451725846
60,0.2550000000000001,0.0,0.5630680667116775
61,0.2550000000000001,0.0,0.21846742391060156
62,0.2600000000000001,0.0,0.37702487123460526
63,0.2650000000000001,0.0,0.2883607556915605
64,0.27000000000000013,0.0,0.3302107056557314
65,0.27500000000000013,0.0,0.23410645864744997
66,0.28000000000000014,0.0,2.486032912693948
67,0.28500000000000014,0.0,0.01787046335250579
68,0.29000000000000015,0.0,0.0147262892498754
69,0.29500000000000015,0.0,0.3713275170912436
70,0.30000000000000016,0.0,0.21436281947863225
71,0.30500000000000016,0.0,2.5660418323139758
72,0.31000000000000016,0.0,0.016942642579739264
73,0.31500000000000017,0.0,0.356260838018089
74,0.3200000000000002,0.0,0.3529272871357132
75,0.3200000000000002,0.0,2.5255580696210154
76,0.3250000000000002,0.0,0.382810529447326
77,0.3300000000000002,0.0,0.18337945015982335
78,0.3350000000000002,0.0,2.2453840753382037
79,0.3400000000000002,0.0,2.2762783306284855
80,0.3400000000000002,0.0,0.22345335517591527
81,0.3450000000000002,0.0,3.856291116709076
82,0.3450000000000002,0.0,3.218317232349611
83,0.3500000000000002,0.0,0.09895807388685174
84,0.3550000000000002,0.0,0.3145331298146068
85,0.3600000000000002,0.0,0.5132135268189956
86,0.3650000000000002,0.0,0.011900215005796884
87,0.3700000000000002,0.0,0.4325350498105899
88,0.3750000000000002,0.0,0.06071208754170023
89,0.3800000000000002,0.0,1.3501167692120484
90,0.38500000000000023,0.0,0.01940151773227883
91,0.39000000000000024,0.0,0.9065470691016929
92,0.39500000000000024,0.0,0.011746723200099037
93,0.40000000000000024,0.0,0.08464005506836969
94,0.40500000000000025,0.0,0.442878508724394
95,0.41000000000000025,0.0,0.06660430589847309
96,0.41500000000000026,0.0,5.080741429793404
97,0.41500000000000026,0.0,0.9990068084770674
98,0.42000000000000026,0.0,0.10656442567904616
99,0.42500000000000027,0.0,0.029394099904138292
100,0.43000000000000027,0.0,0.051437555741986885
101,0.4350000000000003,0.0,0.032751410869973234
102,0.4400000000000003,0.0,0.05161862999456373
103,0.4450000000000003,0.0,0.014046831757094381
104,0.4500000000000003,0.0,0.02857704211686862
105,0.4550000000000003,0.0,0.009196431309911773
106,0.4600000000000003,0.0,0.015773282682295456
107,0.4600000000000003,0.0,0.02851380497538417
108,0.4650000000000003,0.0,0.8388546158926162
109,0.4700000000000003,0.0,0.014931070237996783
110,0.4750000000000003,0.0,0.02552569373928437
111,0.4800000000000003,0.0,0.015621971817401454
112,0.4850000000000003,0.0,0.012761394129285415
113,0.4900000000000003,0.0,0.02338399706666828
114,0.49500000000000033,0.0,0.017435942049724644
115,0.5000000000000003,0.0,0.009096676219385258
116,0.5000000000000003,0.0,0.008491351449688064
117,0.5100000000000003,0.0,0.01569063254411222
118,0.5100000000000003,0.0,0.021981390215274087
119,0.5150000000000003,0.0,0.01186270170065333
120,0.5200000000000004,0.0,0.012131343292335794
121,0.5250000000000004,0.0,0.024096700702688937
122,0.5300000000000002,0.0,0.01760386218956818
123,0.5300000000000002,0.0,0.020436197689566265
124,0.5300000000000002,0.0,2.004578834926898
125,0.5300000000000002,0.0,0.007825454169565222
126,0.5300000000000002,0.0,0.016174462846860267
127,0.5300000000000002,0.0,1.5034043318781567
128,0.5300000000000002,0.0,0.2237671332744514
129,0.5300000000000002,0.0,1.3168033541334714
130,0.5300000000000002,0.0,1.9201818597227642
131,0.5300000000000002,0.0,1.923394004356145
132,0.5300000000000002,0.0,0.019143387434466346
133,0.5300000000000002,0.0,0.5013660985925336
134,0.5300000000000002,0.0,0.011456606471396225
135,0.5300000000000002,0.0,0.27267782760018744
136,0.5300000000000002,0.0,0.01847875986818225
137,0.5300000000000002,0.0,0.01820426741779786
138,0.5300000000000002,0.0,0.30592839703193747
139,0.5300000000000002,0.0,0.17178302941801846
140,0.5300000000000002,0.0,0.03675191532525239
141,0.5300000000000002,0.0,0.00975855691224737
142,0.5300000000000002,0.0,0.008696366266969789
143,0.5300000000000002,0.0,0.008002619000793361
144,0.5300000000000002,0.0,0.460415680523186
145,0.5300000000000002,0.0,0.1439475086825683
146,0.5300000000000002,0.0,0.03012936515187894
147,0.5300000000000002,0.0,0.011271867622237938
148,0.5300000000000002,0.0,0.15514842378937915
149,0.5300000000000002,0.0,0.14622161072446066
150,0.5300000000000002,0.0,0.015922507860068606
151,0.5300000000000002,0.0,0.011013982757998931
152,0.5300000000000002,0.0,0.0934868665774382
153,0.5300000000000002,0.0,0.5451916458805622
154,0.5300000000000002,0.0,0.010609413671474667
155,0.5300000000000002,0.0,0.01424430578818363
156,0.5300000000000002,0.0,0.07417614639228715
157,0.5300000000000002,0.0,0.06567156868165695
158,0.5300000000000002,0.0,0.05197357475375242
159,0.5300000000000002,0.0,0.011487563024083844
160,0.0,0.0,0.007659419908364104
161,0.5300000000000002,0.0,0.20476210345915252
162,0.5300000000000002,0.0,0.011911392686141848
163,0.5300000000000002,0.0,0.013166085346800529
164,0.5300000000000002,0.0,0.0296368321289759
165,0.5300000000000002,0.0,0.011809557005877753
166,0.5300000000000002,0.0,1.1478336113886558
167,0.5300000000000002,0.0,0.019198036561070927
168,0.5300000000000002,0.0,0.04443164178462888
169,0.5300000000000002,0.0,0.18041143951069052
170,0.5300000000000002,0.0,0.007129338957778469
171,0.5300000000000002,0.0,0.017752503292730103
172,0.5300000000000002,0.0,0.0076246320426391
173,0.5300000000000002,0.0,1.8260997874333882
174,0.5300000000000002,0.0,0.15391254193560613
175,0.5300000000000002,0.0,0.07474048451441422
176,0.5038221600239305,-0.8107947203725556,0.012012338852187703
177,0.5231718613302815,-0.3769548530508332,1.8920468116840603
178,0.4968384037649564,-0.9117294020949014,0.055703969414278943
179,0.5240578849994806,-0.3440590409314124,0.8816540163273605
180,0.5300000000000002,0.0,0.016744677334354134
181,0.5236240716954035,-0.35727235625650555,1.0587252531942388
182,0.5242426134966458,-0.33251924822361645,0.012934183549917263
183,0.5247493556806164,-0.30795283858387723,7.374116318447868
184,0.5227290110601269,-0.391560823177183,0.16390468075928114
185,0.5252990589622397,-0.25924183675948337,0.024570088153676523
186,0.521839895663607,-0.41469398302049326,0.01652148521665932
187,0.5036172583964201,-0.813985584547371,0.01823930305117395
188,0.5236128595597345,-0.3550096553852472,0.017349040217645374
189,0.5239906695587124,-0.32713431898659123,0.0469995355314254
190,0.522460752298074,-0.3989535596878879,0.026357067144102655
191,0.5209416252664288,-0.4500353314056681,0.00902430670314497
192,0.5300000000000002,0.0,0.007709736049626057
193,0.5171717621586842,-0.552620538569188,0.031515275441113655
194,0.5156133575479128,-0.5879925680905471,0.014815581764357199
195,0.5152815881695143,-0.5956007475089162,0.021020757363487016
196,0.510041742900311,-0.7012800039459364,0.02134526694111991
197,0.5217401766783778,-0.4297602625661063,0.030637270293821718
198,0.5163489942504857,-0.5723920223077907,0.019456732474914314
199,0.5120225453350831,-0.6648399645088872,0.02153228843101729
200,0.5114779204891075,-0.6754663872549792,3.3775338298612647
201,0.5096185021467762,-0.7082369180298607,0.05461228479531583
202,0.5097524248483392,-0.7046989927126275,0.48226399205506176
203,0.5066048726491025,-0.7638525472608332,0.0338215807848496
204,0.5052911685285528,-0.7853004904222909,0.015732739607031077
205,0.5300000000000002,0.0,0.03190467482011304
206,0.4999243051067868,-0.8672956353456128,0.02737721562502502
207,0.49129249014799947,-0.9829269187897866,0.031393593177832774
208,0.48954769749227683,-1.0048481417375175,0.034312088892718896
209,0.49233384647732825,-0.9721621373967199,0.03931488958417124
210,0.5300000000000002,0.0,0.06649592715927047
211,0.5300000000000002,0.0,0.015575862479766929
212,0.5300000000000002,0.0,6.79297084805935
213,0.5300000000000002,0.0,0.03369284864941809
214,0.5300000000000002,0.0,0.03406457391168767
215,0.5300000000000002,0.0,0.013482842658649226
216,0.5300000000000002,0.0,0.018647065765179275
217,0.5300000000000002,0.0,0.02757080042125344
218,0.5300000000000002,0.0,0.05029069341289308
219,0.5300000000000002,0.0,0.03073161628861804
220,0.5300000000000002,0.0,0.01739388685300321
221,0.5300000000000002,0.0,0.025757384128970984
222,0.5300000000000002,0.0,0.037929923167132285
223,0.5300000000000002,0.0,0.013319505226566424
224,0.5300000000000002,0.0,9.999999999999998
225,0.5300000000000002,0.0,0.01738836379945619
226,0.5300000000000002,0.0,0.06587165004645434
227,0.5300000000000002,0.0,0.011131787650214416
228,0.5300000000000002,0.0,0.041796123586098716
229,0.5300000000000002,0.0,0.01593600874290894
230,0.5300000000000002,0.0,5.051550728381992
231,0.5300000000000002,0.0,0.016067638033690514
232,0.5300000000000002,0.0,0.08189077344039793
233,0.5300000000000002,0.0,5.6604848429826395
234,0.5300000000000002,0.0,0.017536019051417766
235,0.5300000000000002,0.0,1.9332758764597606
236,0.5300000000000002,0.0,0.0775759620165832
237,0.5300000000000002,0.0,0.01020392214401511
238,0.5300000000000002,0.0,0.030373387855937982
239,0.5300000000000002,0.0,0.012560389100531618
240,0.5300000000000002,0.0,0.3659507187958194
241,0.5300000000000002,0.0,0.02447868696207045
242,0.5300000000000002,0.0,0.008039557078840328
243,0.5300000000000002,0.0,0.014076470020812299
244,0.5300000000000002,0.0,2.131055898139347
245,0.5300000000000002,0.0,9.999999999999998
246,0.48289272488288676,-1.0840679358474936,0.00705923940465631
247,0.5300000000000002,0.0,9.999999999999998
248,0.5300000000000002,0.0,9.999999999999998
249,0.5300000000000002,0.0,3.3297248916912667
250,0.5300000000000002,0.0,9.999999999999998
251,0.5300000000000002,0.0,1.0297129851310998
252,0.5300000000000002,0.0,9.999999999999998
253,0.5300000000000002,0.0,3.9394949603303666
254,0.5099962974045527,-0.7436826859235078,9.999999999999998
255,0.5300000000000002,0.0,1.5086810807971753
256,0.5300000000000002,0.0,6.838123360570928
257,0.5300000000000002,0.0,9.999999999999998
258,0.5300000000000002,0.0,1.2713118536481616
259,0.5300000000000002,0.0,0.010614695837113502
260,0.5300000000000002,0.0,0.7861769298081385
261,0.5300000000000002,0.0,4.091923864121405
262,0.5300000000000002,0.0,9.999999999999998
263,0.5300000000000002,0.0,6.590668242008452
264,0.5300000000000002,0.0,0.016460114677471202
265,0.5300000000000002,0.0,0.00749432945026704
266,0.5300000000000002,0.0,9.856085668842725
267,0.5300000000000002,0.0,9.999999999999998
268,0.5300000000000002,0.0,0.04442741710797746
269,0.5300000000000002,0.0,0.025993012879941227
270,0.5300000000000002,0.0,9.999999999999998
271,0.5300000000000002,0.0,9.999999999999998
272,0.5300000000000002,0.0,0.05051764030402728
273,0.5300000000000002,0.0,0.023259425344065724
274,0.5300000000000002,0.0,7.592500914617432
275,0.5300000000000002,0.0,2.124625253179233
276,0.5300000000000002,0.0,9.999999999999998
277,0.5300000000000002,0.0,9.999999999999998
278,0.5300000000000002,0.0,5.514640219563088
279,0.5300000000000002,0.0,0.9421381024492321
280,0.5300000000000002,0.0,1.9382254831943269
281,0.5300000000000002,0.0,9.999999999999998
282,0.5300000000000002,0.0,9.999999999999998
283,0.5300000000000002,0.0,5.85566684260462
284,0.5300000000000002,0.0,1.0959575816864775
285,0.5300000000000002,0.0,0.0900335630939957
286,0.5300000000000002,0.0,0.019540565874904943
287,0.5300000000000002,0.0,9.999999999999998
288,0.5300000000000002,0.0,3.868668985582324
289,0.5300000000000002,0.0,0.07251534067926009
290,0.5300000000000002,0.0,0.018966766889357747
291,0.5300000000000002,0.0,9.999999999999998
292,0.5300000000000002,0.0,0.046096218755543546
293,0.5300000000000002,0.0,7.160125603831667
294,0.5300000000000002,0.0,9.999999999999998
295,0.5300000000000002,0.0,2.3037968326041773
296,0.5300000000000002,0.0,0.02907895595028688
297,0.5300000000000002,0.0,0.008989250083286082
298,0.5300000000000002,0.0,0.22066830068975665
299,0.5300000000000002,0.0,9.999999999999998
300,0.5300000000000002,0.0,9.999999999999998
301,0.5300000000000002,0.0,9.999999999999998
302,0.5300000000000002,0.0,5.595884573343077
303,0.5300000000000002,0.0,2.6758915604245184
304,0.5300000000000002,0.0,0.008371195919692804
305,0.5300000000000002,0.0,9.999999999999998
306,0.5300000000000002,0.0,0.024422309082542136
307,0.5300000000000002,0.0,3.5448678349752107
308,0.5300000000000002,0.0,0.03075319492160008
309,0.5300000000000002,0.0,2.064073205312107
310,0.5300000000000002,0.0,2.1794636525918216
311,0.5300000000000002,0.0,9.999999999999998
312,0.5300000000000002,0.0,0.016795806033583795
313,0.5300000000000002,0.0,4.357391737867404
314,0.5300000000000002,0.0,0.017237428411261208
315,0.5300000000000002,0.0,0.017625285615596047
316,0.5300000000000002,0.0,0.1976650095740589
317,0.5300000000000002,0.0,0.012577142434958222
318,0.5300000000000002,0.0,9.999999999999998
319,0.5300000000000002,0.0,1.6843467880206056
320,0.5300000000000002,0.0,0.15400199928927583
321,0.5300000000000002,0.0,0.011826807903644796
322,0.5300000000000002,0.0,0.21876697338103313
323,0.5300000000000002,0.0,0.009628161714880155
324,0.5300000000000002,0.0,0.012071512388096955
325,0.5300000000000002,0.0,9.924301955918512
326,0.5300000000000002,0.0,7.3027770400045195
327,0.5300000000000002,0.0,0.06583560478595366
328,0.5300000000000002,0.0,0.18404097979252473
329,0.5300000000000002,0.0,0.013739778194254534
330,0.5300000000000002,0.0,9.999999999999998
331,0.5300000000000002,0.0,4.873625825259895
332,0.5300000000000002,0.0,9.999999999999998
333,0.5300000000000002,0.0,9.999999999999998
334,0.5300000000000002,0.0,0.04213634267770363
335,0.5300000000000002,0.0,9.999999999999998
336,0.5300000000000002,0.0,6.954711363083062
337,0.5300000000000002,0.0,0.15118204349772144
338,0.5300000000000002,0.0,0.020237904061624595
339,0.5300000000000002,0.0,0.1496464470807173
340,0.5300000000000002,0.0,0.05457116364139462
341,0.5300000000000002,0.0,1.2426043075167312
342,0.5300000000000002,0.0,9.999999999999998
343,0.5300000000000002,0.0,0.14095464570262858
344,0.5300000000000002,0.0,0.027419597957422326
345,0.5300000000000002,0.0,0.02128053867948171
346,0.5300000000000002,0.0,0.02720731527199583
347,0.5300000000000002,0.0,0.06895597590897924
348,0.5300000000000002,0.0,0.09498987532253851
349,0.5300000000000002,0.0,0.022181551996628576
350,0.5300000000000002,0.0,0.08296970586346537
351,0.5300000000000002,0.0,0.023706282492762323
352,0.5300000000000002,0.0,0.010057952796906341
353,0.5300000000000002,0.0,0.05253003664515583
354,0.5300000000000002,0.0,0.07409544779582489
355,0.5300000000000002,0.0,0.03345588088619454
356,0.5300000000000002,0.0,0.0791761139711982
357,0.5300000000000002,0.0,0.0503105904800384
358,0.5300000000000002,0.0,0.049686662659264594
359,0.5300000000000002,0.0,0.09427412436341634
360,0.5300000000000002,0.0,0.04834609096603309
361,0.5300000000000002,0.0,0.07898284698334791
362,0.5300000000000002,0.0,0.059223507481818594
363,0.5300000000000002,0.0,0.020890154541054647
364,0.5300000000000002,0.0,0.02002710304115284
365,0.5300000000000002,0.0,0.029826289364293473
366,0.5300000000000002,0.0,0.3741152958681694
367,0.5300000000000002,0.0,0.0346446725203081
368,0.5300000000000002,0.0,0.7379025811861062
369,0.5300000000000002,0.0,0.026125317021479712
370,0.5300000000000002,0.0,0.04462982270209598
371,0.5300000000000002,0.0,0.027083051823147818
372,0.5300000000000002,0.0,0.009558643787759788
373,0.5300000000000002,0.0,0.04577844597544645
374,0.5300000000000002,0.0,0.162482626132523
375,0.5300000000000002,0.0,1.5823411176543536
376,0.5300000000000002,0.0,0.011690503053416386
377,0.5300000000000002,0.0,0.06377848800344378
378,0.5300000000000002,0.0,0.10843376391717736
379,0.5300000000000002,0.0,0.06102491863468655
380,0.5300000000000002,0.0,1.220546989308688
381,0.5273834734564206,-0.12500696872191477,0.09556471817316613
382,0.5285098930170158,-0.41704316406676933,0.8007826753885114
383,0.5300000000000002,0.0,0.08924953992734622
384,0.529031781059057,-0.4903180625668238,0.14036938263071644
385,0.5285339105470187,-0.43107761147675516,0.2706397505194408
386,0.5300000000000002,0.0,0.02327697056914933
387,0.5088901713761442,-0.7551787434418842,0.030906579077525757
388,0.5291399074113032,-0.5222379528435268,0.020333885429975572
389,0.5297049275381968,-2.654457009426565,0.2782023258503431
390,0.5033716808191593,-0.8463543459770135,0.03723463824422828
391,0.5290145843663961,-0.517782471836082,0.014055451120987997
392,0.5297037842100888,-2.6141443261047423,0.36799488156458793
393,0.5290463468462344,-0.5417100958921502,0.017886537477782256
394,0.5283775721096629,-0.390571468074261,0.05835399469638051
395,0.5296828450001556,-2.337047005760123,0.26068095318171175
396,0.5282200996821362,-0.44045141345030936,0.17819492352827696
397,0.5297428225186832,-3.30086146139368,0.36548877602507895
398,0.5217930177016554,-0.5635021158731903,0.07210617605177011
399,0.5285726529984947,-0.5088878636219727,1.2046823072853825
400,0.5016904729938052,-0.8663981568882259,0.08175488168387372
401,0.529240053059884,0.2906754152090396,0.12658320539329843
402,0.5300000000000002,0.0,0.1748301000373698
403,0.5099835131126244,-0.7408032150082482,0.5300340963760818
404,0.502165253428969,-0.8592438950039285,0.8849824981543182
405,0.5250134906562799,-0.44729811126278973,0.009713706182106704
406,0.5287444564960517,0.26058069437277387,0.6134734636706646
407,0.5250829366376976,-0.29353142031915325,0.18422648734558006
408,0.5296227383282702,0.899037432458106,0.0341562491303484
409,0.5296227383282702,0.899037432458106,0.01763574812730793
410,0.5195566403465067,-0.4940774244372275,0.013946668908089292
411,0.5139994031207893,-0.5947940898672435,0.42334308525596426
412,0.5185301128911639,-0.5155760922036237,0.080527950335443
413,0.5081564357030136,-0.738898001109319,0.35475718388613214
414,0.49632306427760764,-0.9203655067298034,0.9399355137660109
415,0.5073357561832881,-0.7508822869500446,0.9933933292053247
416,0.5043378642085264,-0.7860922152206091,2.6190102778771576
417,0.5294860375495837,0.7221781358247518,0.10585528735647375
418,0.4945803734690917,-0.926974361105517,0.160237659043665
419,0.5031837581843717,-0.8194961606494624,0.06879984878200575
420,0.4942253905580766,-0.9337113916971276,0.02535001528972104
421,0.4886755487088183,-1.0167713476284144,0.17022380710206855
422,0.5051432156312606,-0.8177244800485365,9.999999999999998
423,0.4978800647198759,-0.8963762399799842,0.01594397004053815
424,0.5127054404572615,-0.6890413374157744,0.03831683951980374
425,0.5112573321135049,-0.7189335198065097,0.23523914721692854
426,0.5295591780759356,1.8965190233015972,0.07928646416343411
427,0.5300000000000002,0.0,0.10214528427559755
428,0.5291891218812899,1.3568716322417254,0.16010140842057238
429,0.5283922903777476,0.017515619985560782,0.060216364127333256
430,0.5297687604860322,-1.3950753818786,0.1031638711004359
431,0.5291738128800584,1.775485606861172,0.22695088419129844
432,0.5300000000000002,0.0,0.020678195305759955
433,0.4895175793158891,-1.0043255987861155,0.010672355868840619
434,0.5112381790523147,-0.7173264592861887,0.5751101417381353
435,0.5271613745871417,0.032026720175283074,0.20324356792819367
436,0.503580244187927,-0.7894886317254848,0.5818230236914543
437,0.4852991759177504,-1.0564880057263553,0.020690596745787805
438,0.48510339066978725,-1.059408974067645,0.10907849357180778
439,0.5300000000000002,0.0,0.12157358441162118
440,0.49514626702829917,-0.9563932123174644,0.016464559979754455
441,0.5248739067928304,-0.21252609151020602,0.12531489335732468
442,0.5254064876924116,-0.2019171077026906,0.018879863079846158
443,0.5300000000000002,0.0,9.999999999999998
444,0.5246343807098914,-0.46961073504197137,0.010720933335420832
445,0.5282745592158118,0.33153361974182344,0.022546162647094865
446,0.499287826613556,-0.9032278010724313,0.11164512811014457
447,0.5181768249119696,-0.4909427080879542,9.999999999999998
448,0.494465722395455,-0.9654745830607966,9.999999999999998
449,0.5300000000000002,0.0,0.1355276779884886
450,0.4889547332967918,-1.0093708184696766,0.05986620621929973
451,0.490177951555558,-0.9959798035352684,0.035292743214108545
452,0.5294313823688498,-1.2705539604560558,0.03603073814255288
453,0.5095584250801317,-0.7480706493998309,0.11820759392461075
454,0.5300000000000002,0.0,0.04320215508762113
455,0.5053729177743821,-0.7806555061267633,0.1164895263735625
456,0.527388053116317,-0.10885358174575396,0.02392808864557358
457,0.527388053116317,-0.10885358174575396,4.0532542985617415
458,0.4993783480920208,-0.8997237989686603,0.042196638261675044
459,0.5289992707224631,1.7292761467055102,0.0312835349073441
460,0.5283745187720841,0.6742674260925481,3.7523969304554914
461,0.5020985957768475,-0.8614181274009216,2.4330991045930253
462,0.5298075561620507,7.302710185378671,9.999999999999998
463,0.5112916470509217,-0.7224391957941417,0.06144769661504639
464,0.5054500974936752,-0.7806641729526671,0.0169108037071065
465,0.5036724147569683,-0.8065955078789406,1.891675504407645
466,0.49931369034737655,-0.8416207240801317,0.01198631511450132
467,0.5139186533698468,-0.6214781302348972,0.016681898560233777
468,0.48663573035199836,-1.0408050359137562,0.021684428690697848
469,0.4892145395278351,-1.0117157677829065,0.12246576737412716
470,0.5005028575891276,-0.8569196065973046,0.013866907755997821
471,0.5023301678322655,-0.8237050641872725,0.019024237978092003
472,0.500048650952292,-0.8587708388412146,0.1359248146912674
473,0.49701182203192934,-0.8987835372573997,0.0952251653779309
474,0.49537252097872436,-0.8875403761251895,0.8720005361559865
475,0.5050569249183324,-0.7695697091859557,0.036036504864164216
476,0.5098530707260395,-0.7079703464584572,0.08474742073751385
477,0.49702846340722595,-0.888186442448336,0.06399517303150574
478,0.49776455570026973,-0.8786949614215719,9.999999999999998
479,0.5214851278030433,-0.4337934880695086,0.014512569422269568
480,0.5216395104851489,-0.4023382946295859,0.0740038436255322
481,0.5002985458678691,-0.8590864295292101,0.02493211429094879
482,0.5298657002038407,-6.852623959355793,2.804035976838108
483,0.4946421883483939,-0.9176326666263982,0.09166272892947049
484,0.5047221443213916,-0.7951511448724314,0.07057456169434767
485,0.4948478905879982,-0.9303730233347404,0.034708962659467456
486,0.4871583257202429,-0.9934617398950487,4.040106048728079
487,0.5099788110232086,-0.6907531775108554,3.9583897974678446
488,0.5185169315498566,-0.5743964206575805,9.999999999999998
489,0.4870000732583763,-1.0076671388784768,0.05905074704130991
490,0.5299934770030512,9.986852439183979,9.999999999999998
491,0.4973532972469806,-0.8983039660466122,0.19685267897848133
492,0.48324733253828794,-1.046459540247424,0.3666830035512194
493,0.5298918798152076,4.998026036438495,2.9750563871887348
494,0.5243141381314246,-0.46901751481529064,5.028271275362663
495,0.49009323817754574,-0.9912828186574107,7.221678798325447
496,0.5300000000000002,0.0,4.374323048749403
497,0.49995714406105013,-0.8693251294273163,0.4391537632575278
498,0.4828784597869557,-1.0619680545714936,0.06362125034551164
499,0.4960364419591754,-0.908900231919242,0.02003841344400557
500,0.5300000000000002,0.0,0.02723744979347642
501,0.5300000000000002,0.0,0.0647880027042118
502,0.5294494355713193,2.0102983752668893,0.05849350797214581
503,0.5300000000000002,0.0,0.06415631197631254
504,0.4840202977638238,-1.0725743946654802,5.656932847183549
505,0.5299126813059,9.951898495036033,1.148721618709746
506,0.5299126813059,9.951898495036033,1.3527236440690285
507,0.5297377840177974,3.246376198853034,2.594895014220761
508,0.5297377840177974,3.246376198853034,0.017234692895787104
509,0.5299448108107393,9.961758172516868,0.06928114560919763
510,0.5300000000000002,0.0,5.468876409250996
511,0.5300000000000002,0.0,0.010559280911606996
512,0.5294467372699588,0.9086600634196218,0.07555916032674671
513,0.529975454413536,9.974496216375652,0.01541890259923456
514,0.5300000000000002,0.0,0.025323456049964395
515,0.529935268397798,9.958584028396622,0.030957873099846933
516,0.5295097254844524,1.3947237842580575,0.06592914182237387
517,0.5300000000000002,0.0,0.024968531456760035
518,0.5300000000000002,0.0,0.01914391868497356
519,0.5299230036977133,-6.883292529257536,0.037249259302530265
520,0.5299319782194517,9.957544593860474,0.05386914652612982
521,0.5300000000000002,0.0,0.05998535842365158
522,0.5300000000000002,0.0,7.983721283474557
523,0.5294287888808955,3.9689241177691903,8.664272213055987
524,0.5299979911853695,-10.007296128208303,0.3515714226334347
525,0.5296227987300782,6.490706866302717,0.09719268458811922
526,0.48495687338747967,-1.0615803984598111,0.11267594526369516
527,0.5297749496856337,9.778868008041497,0.010458055312121252
528,0.5297749496856337,9.778868008041497,0.013546139581513876
529,0.5297749496856337,9.778868008041497,0.03795239517454479
530,0.529909329834782,9.950984146938849,0.06518078892429523
531,0.529909329834782,9.950984146938849,7.2298562689113
532,0.5171511631053023,-0.6059644453409149,9.999999999999998
533,0.5298750234475825,9.942454468804218,5.72568601975901
534,0.5298750234475825,9.942454468804218,8.738860266351736
535,0.5298750234475825,9.942454468804218,9.999999999999998
536,0.5298750234475825,9.942454468804218,9.999999999999998
537,0.4872619175592267,-0.9920252088933761,9.999999999999998
538,0.5294818123820199,-2.241780103340436,9.999999999999998
539,0.5294818123820199,-2.241780103340436,9.999999999999998
540,0.5294818123820199,-2.241780103340436,9.999999999999998
541,0.5294818123820199,-2.241780103340436,9.999999999999998
542,0.5299835498980401,-10.020878719711673,9.999999999999998
543,0.5299835498980401,-10.020878719711673,0.895727634071052
544,0.5299835498980401,-10.020878719711673,9.999999999999998
545,0.5299835498980401,-10.020878719711673,9.999999999999998
546,0.5292212665884998,-1.0857391984116507,9.999999999999998
547,0.5292212665884998,-1.0857391984116507,9.999999999999998
548,0.5292212665884998,-1.0857391984116507,9.999999999999998
549,0.5292212665884998,-1.0857391984116507,9.999999999999998
550,0.5299472760506218,-10.03737800373427,9.999999999999998
551,0.5299472760506218,-10.03737800373427,9.999999999999998
552,0.5299472760506218,-10.03737800373427,9.999999999999998
553,0.5299472760506218,-10.03737800373427,9.999999999999998
554,0.5299472760506218,-10.03737800373427,9.999999999999998
555,0.5299998842516626,-10.00175137963142,2.8530358925813624
