step,total_force,total_force_y
0,0.38249970933849214,-1.9874592554210497
1,0.38249793735878806,3.1447970625576382
2,0.3824357808645022,-2.119180317982513
3,0.3774998017339143,-1.2653109045743312
4,0.382492815094501,0.2100332112725002
5,0.3874999604653613,0.9064904609029778
6,0.38749986279838244,-0.005598829157953865
7,0.38747272681703465,-2.613836417788237
8,0.38249766399408863,2.404586229016058
9,0.38249850111184197,-2.0116855631599346
10,0.38748790906209624,0.02650956342717079
11,0.387369303192971,-0.7617436177203382
12,0.38232441221679575,-0.8029379175561245
13,0.38249829811229,-2.6668311685545207
14,0.3872964934933413,-0.7614246633007081
15,0.3922901379298584,-0.7276776061785761
16,0.39233826675590805,-0.6987205386958171
17,0.38734450422171945,-0.7387730922842047
18,0.3923119671791431,-0.7468915480214232
19,0.39234345682331806,-0.7528269890410004
20,0.3873860388815043,-0.7450042012767203
21,0.392376072523843,-0.7268137138791957
22,0.3923829890186326,-0.6734822260091831
23,0.3923151033932604,-0.67214086372412
24,0.38749978410126507,-3.2889357340194674
25,0.39233850971452044,-0.6974256282316652
26,0.3924999994964022,-4.942905806054102
27,0.3924999599221713,-4.050359806711832
28,0.3874990060615315,-2.7579815418194045
29,0.3922475395754531,-0.6788302561844661
30,0.3922306510078336,-0.7299041447629349
31,0.3923226000848583,-0.7680070102575779
32,0.3922199275098369,-0.7118386776382568
33,0.3924989920232961,-2.8379611105381235
34,0.3924999996978049,-5.363561186659653
35,0.3922202463312181,-0.7050913697615873
36,0.3922573068412683,-0.6546757002749445
37,0.3921721136224304,-0.7293514802832746
38,0.39243008440581706,-0.405094037665571
39,0.3924870965586409,-0.07769267482071474
40,0.39228598490162286,-0.7387783580612802
41,0.39228103506582196,-0.6873325173657104
42,0.39249677770689895,0.35727436421496955
43,0.3923506240183805,-0.6720314935530927
44,0.3924937884275797,0.01676482914676606
45,0.39224170995479274,-0.6794290855180479
46,0.3924996013514228,1.0567844255368908
47,0.3922052740166565,-0.7132437408681611
48,0.3923187603504221,-0.6927027462635124
49,0.3924758583529749,-0.269560346055101
50,0.3924752258894157,-0.25942738507782803
51,0.3921534329003779,-0.7819993976155999
52,0.39249870334596026,-3.0645521015376325
53,0.3922198128485564,-0.5443935209589247
54,0.3924999754341999,-4.487622850459962
55,0.39211295503323956,-0.5688370452555748
56,0.3924998725355498,-3.85682381796835
57,0.39249606071614207,3.754318866844629
58,0.3924882777148971,3.349500886233272
59,0.39217835831418535,-0.5595638886174144
60,0.39249468236764523,0.44268072718777973
61,0.3924984791994046,-3.130227161478735
62,0.3924955690844641,-2.935758901577155
63,0.392490019009018,-0.44649901774700346
64,0.39249836211710626,-3.457082264647402
65,0.39249689784945907,0.32123974435656744
66,0.3924998777304975,-4.532816840435726
67,0.39248204181651847,0.7253249882705979
68,0.39249970186694527,-3.992835501659566
69,0.39249983886836015,-4.81632897576357
70,0.3924987964447452,-3.897904326711191
71,0.3924972156484672,-3.4455387579350694
72,0.3924925627525673,-3.110021555746907
73,0.39237409009652324,-0.6594564863282201
74,0.39249998681518733,-5.361945934731301
75,0.39249973458220005,-4.483606696569303
76,0.3924978595321647,-3.618862444978088
77,0.39249999958561477,-6.327359630130161
78,0.3924890285946562,-2.973987572256485
79,0.39227269142814897,-0.6761298034440265
80,0.3924999789567042,-5.246117556848826
81,0.3920199555496323,-0.7092423894370076
82,0.39249988237293143,-4.6747566961955345
83,0.39176046291596794,-0.6966104110237187
84,0.39249695311926597,-3.5907456805039852
85,0.3919642857570456,-0.7246810808210546
86,0.39213129078609854,-0.7579423522120033
87,0.3924989762638383,-4.157681760256095
88,0.39249544465296515,-3.519780161915812
89,0.39247872208884843,-2.9151942579035413
90,0.3924961124814286,-3.6715014027723156
91,0.3924821387502873,-3.1025349552931365
92,0.3924989262614683,3.306351152002141
93,0.3924963611961543,3.0861420602025684
94,0.39237837111116325,-0.785120948801917
95,0.39249987559061394,-5.182550582512703
96,0.39249883842477806,-4.274030765944896
97,0.39249245703385277,-3.3720600401979755
98,0.39249998381115114,-6.161230835659425
99,0.39246546521475195,-2.7759230462402327
100,0.39237238924962886,-0.8029364669035398
101,0.3924997020929433,-4.77691923892701
102,0.39249858789439723,-3.995133551992911
103,0.39249564491126127,-3.5957531155876366
104,0.3924829928214784,-3.0711337892482655
105,0.3924361154471201,-0.8545260007999342
106,0.39249801787186606,-4.078251528749315
107,0.39249985192117137,-5.478149923893352
108,0.3924895624933446,-3.387503929092178
109,0.39249752819079853,3.2357807378066155
110,0.3923863082561545,-0.8426771076632548
111,0.39249806225614675,-4.199888553564444
112,0.39248526684986396,-3.254163450438752
113,0.39249986878664855,-5.640356838591426
114,0.39249777657259866,3.3156808746715254
115,0.39249160630573043,3.9475949278608455
116,0.39229813361008536,-0.8642879487022163
117,0.392498947308208,-4.388089868488219
118,0.39249967701953814,-5.025124264911772
119,0.39249325133681895,-3.57483337810141
120,0.3924999381576555,-5.845220519373477
121,0.3922328684085357,-0.8286148268672189
122,0.3924998482489978,-5.611635896772979
123,0.3924978090092262,-4.316556665302289
124,0.39249999888888726,-7.112602982362399
125,0.3924843368462412,-3.2962653312874965
126,0.39234886594378054,-0.9172669678350652
127,0.39249884276744335,-4.680475744659193
128,0.3924999210249788,-5.97022501752215
129,0.3924885818193315,-3.486747178296636
130,0.3923104036802212,-0.9415792438320928
131,0.3924988117702453,-4.754967960767248
132,0.39249993933580846,-6.3034310304599614
133,0.39249948231222853,-5.039766344546825
134,0.39248705945834145,-3.553170203910673
135,0.3920063679884637,-0.8871750380961742
136,0.39249947919773287,-5.268116170461524
137,0.3924999771472801,-6.5589211914200645
138,0.39248942933911285,-3.67418045090328
139,0.3924794241746123,-3.619297284296365
140,0.39249999757583726,-4.764174812454116
141,0.3919889798125506,-0.9303203429430592
142,0.39219322002104207,-0.9878459843242996
143,0.3924938912201925,-4.056334077079768
144,0.3924997299728145,-5.787862980959758
145,0.3924999931314767,-7.212347620110706
146,0.39249991718131344,-6.53211017914604
147,0.3923744184922958,-1.0724335365840476
148,0.3924995727535567,-5.552744523675929
149,0.3924959324665465,-4.304140049167747
150,0.3924987028610864,-5.026808135752892
151,0.39247969434653524,-3.535240039042933
152,0.39249999727941887,-7.648381504828199
153,0.39240902585884796,-1.1344758623041122
154,0.3924996884839578,-5.913534250350814
155,0.39249211526474514,-4.052873970655025
156,0.3924999973762567,-7.742699612954522
157,0.3923898268998863,-1.1434096691878217
158,0.39249928894103714,-5.550095994520309
159,0.3924968694779567,-4.785563563882636
160,0.3924797794397631,-3.680509522371143
161,0.3924997313339821,-6.270972328192109
162,0.39237106293559953,-1.1735226773453462
163,0.3924997797629738,-6.32862957436278
164,0.3924979578255618,-5.105703823771998
165,0.392485783609725,-3.912918526486803
166,0.39228876973631793,-1.197045761659365
167,0.3924940881472063,-4.6029213246326455
168,0.39249587641510275,3.2468722081167996
169,0.3924982431842036,1.4322975843949877
170,0.39235217657973454,-1.2006735529306638
171,0.39249988533010405,-6.481769117941445
172,0.3924877554979277,-4.1728080951783575
173,0.39249865460220007,-5.303314798118645
174,0.39215509969343504,0.5843014790618561
175,0.3921054997691424,-0.15629891153351558
176,0.3924993513578114,-5.651709509990266
177,0.3924944462828805,-4.614007618945496
178,0.392471638174923,3.3159176182896597
179,0.39249503075202274,1.3461333023560096
180,0.39247777612173185,2.960536954000727
181,0.3924449016731679,2.6425997018766676
182,0.3913021686119766,0.008694942733718854
183,0.39249077295621493,-4.433183355295786
184,0.392498656216346,-5.53213660934064
185,0.3924999799833206,-6.983624551030656
186,0.3919275281844508,-1.1649454652081093
187,0.3924972779150095,-5.008765321526896
188,0.39249348598571293,-4.561842474250039
189,0.3924798312761578,-4.092917826869663
190,0.3924422162059012,-3.568907174198174
191,0.39202736203342037,-1.2321852363734636
192,0.39747885075272726,-4.122442707229599
193,0.3969777843175524,-1.2770065449993222
194,0.39748363453163604,-4.294644865224958
195,0.3970957161237232,-1.3608907810383617
196,0.3971007871699386,-1.3479935623142147
197,0.3971951653213689,-1.4240676459822552
198,0.3971289175139957,-1.4891901249502957
199,0.3972755919660184,2.5626039180868743
200,0.39747043785342656,2.844944035798174
201,0.3970971809647198,-1.494816880455053
202,0.3972971054605709,1.550593288015695
203,0.39749559774505316,0.8706056744441244
204,0.3974999997166574,3.41712235463713
205,0.3972269162292025,-1.5890132012596194
206,0.3974999819152784,2.6636472779563465
207,0.3974999529827628,2.0917870965737992
208,0.39749981286104624,1.8996721036099222
209,0.4023563506974811,-1.7121743180178952
210,0.4022391498055009,-1.6351513155636892
211,0.4021212007194916,-1.6307940448747122
212,0.4024988713353841,-0.4805662066306227
213,0.4022135839515946,-1.7502806706700484
214,0.4024989019047137,-2.983803334890628
215,0.4021656836023258,-1.6927831279752035
216,0.40222785665249183,-1.7745146573177049
217,0.4024999997897824,-3.5927996252720154
218,0.40249995588618914,-3.3070506358471405
219,0.40247207350973485,2.6769353596974135
220,0.4021617125612891,1.687242823030918
221,0.40245571166023175,0.8163980516302662
222,0.40231977722880063,-1.114695893729441
223,0.4024767286383449,3.156285988488713
224,0.4074258313348454,-2.21082989006728
225,0.40740520438108313,-2.123867467256067
226,0.4073501341529964,-2.0098335213450502
227,0.40743395179449937,-2.321798132969345
228,0.4074997194560752,-0.31357614318752947
229,0.40745672873975713,2.90594699705538
230,0.4074080808178699,2.0933764408991316
231,0.40565960998680267,1.4980057063400736
232,0.4072022428536454,-0.9743788103423215
233,0.4074755322314254,2.5415655114945714
234,0.4074512027557379,-2.378749477124967
235,0.4174737660248209,-2.5423329759111546
236,0.41747143728516156,-2.5872583135575087
237,0.41747249783951423,-2.6561903870617636
238,0.4174299915802671,-2.5083791715345343
239,0.41661709624975474,-0.2647479458502611
240,0.41649853985971713,-0.45534199102776796
241,0.41747909325152166,2.4182904632787947
242,0.41745613922858277,3.3362515601019465
243,0.4174258615123773,2.001092353752092
244,0.4174973486487343,-4.03006568847575
245,0.41742290325032283,-2.419881324997852
246,0.4174999174377689,-2.8066307040567557
247,0.41749999427191,-2.8720544312279856
248,0.41749999987236897,-1.2447175631031158
249,0.43248163143024076,-2.9941197935691166
250,0.43240740081778745,-2.4578688815873453
251,0.43249738777654756,-3.9075433343510295
252,0.4324796340110615,-3.1038902727882642
253,0.4299302055430389,-0.39155497778028925
254,0.4324783397372252,-1.3085121341615693
255,0.4324321823173448,1.85001033647261
256,0.4320982234070388,-1.9719484022145268
257,0.43194821612550094,-1.8971666345478249
258,0.43170017291113955,-1.8206530689154632
259,0.43249999149505014,-2.197749886286457
260,0.4321070000800916,-0.33258877205243254
261,0.4471016734143499,-2.057651752720429
262,0.4474979900438242,-4.7261667579494615
263,0.4524965298708188,-3.01624661978269
264,0.45249942180603675,-3.936163219919616
265,0.4524999036906319,-2.914803640145758
266,0.4524999946662098,-3.0463545654126714
267,0.44691194983614285,-1.9738551184295008
268,0.4474981248977197,-4.950537714376185
269,0.4474961550770867,-3.218213976737579
270,0.4524997282258269,-3.6832625111718835
271,0.45249996996268993,-3.2005820388528172
272,0.4524997216087672,-2.570684505668388
273,0.45248807768604216,-3.9062793962724487
274,0.4516702781935725,-1.8709537539675614
275,0.4474982363231725,-3.3796681464636986
276,0.4474999722909886,-3.222692386481087
277,0.4471965587635228,-2.2743333494575313
278,0.44749987486361126,-1.202794473095825
279,0.44749401436843406,1.0093214100174088
280,0.4471712714011609,-2.2413712221193776
281,0.4474996444498592,-3.9124761354413318
282,0.4474999846272744,-2.78486131442409
283,0.4474993351063041,-3.249618642627865
284,0.44654827084744925,-1.8558568146975591
285,0.4474975677002353,-3.8976461499851056
286,0.447499187500993,-3.888911816560719
287,0.44749989862757306,-3.8765843244773026
288,0.44749999833860693,-4.522520628335831
289,0.4623453963478513,-2.5304512452459065
290,0.46199192087217633,-0.5197688471855498
291,0.4674999051944639,1.6503513244364798
292,0.4624990292891347,-3.1566076596505828
293,0.46249997860219405,-4.560037440984726
294,0.4662409360968359,-1.910688265837286
295,0.46749999949289356,-1.9884811461267902
296,0.46721896240273003,-2.3414789904570688
297,0.4673973028624436,0.27449260905701495
298,0.46594146965879263,-1.829288582473444
299,0.4724924871951982,-2.2629010165733865
300,0.47586296780946863,-1.8715377445187726
301,0.47746458785888046,0.38163045003927565
302,0.48249168482787064,-3.407678321571959
303,0.47749999846852875,-4.595867547821716
304,0.4774999872227242,-4.388008389228851
305,0.47668986638449984,-2.0998337279609633
306,0.47740530999999464,-2.7542278794112405
307,0.4774999865862049,-4.601498319061621
308,0.47748143324574444,-3.1415068779508126
309,0.47748097039332066,0.2388367787011692
310,0.47749982014710474,-2.9194328055105903
311,0.47749995850597826,-2.854583137525488
312,0.4824637288859348,-2.9047692304742965
313,0.4874079693233394,-3.0443265413607907
314,0.4824999742156862,-5.244805130680009
315,0.48249979490437844,-4.894665214607617
316,0.487498846439418,-4.822215160781891
317,0.48249764929059763,-5.190447493298946
318,0.4824999970928163,-6.494481649742167
319,0.48197654843628973,-2.5160197258678436
320,0.48249856192546914,-5.343496434923426
321,0.482499999925892,-7.342596197384674
322,0.4824960687082623,-4.871350201915885
323,0.4824999971006594,-7.02544317839923
324,0.4815873219295886,-2.409944907224099
325,0.48249999991255305,-7.384020545186836
326,0.48249476683980785,-4.886511549280819
327,0.4814732523300195,-2.4350481441649943
328,0.48248779333834335,-1.246226505609366
329,0.48249998480159073,-4.785740253673144
330,0.48749999961066304,-5.398070686522756
331,0.4824990134104889,-5.765347163943092
332,0.48749998653154414,-7.184941579993587
333,0.48749972011926107,-6.273050086862553
334,0.49149373785776185,-2.452706877920089
335,0.49749991069895716,-6.711581596464267
336,0.5024999638034153,-7.128129782152729
337,0.4974999246376819,-6.5660539174081896
338,0.5024927058131955,-0.24407771789763152
339,0.5024998536139904,5.858898988154197
340,0.5024036408225859,-0.02202158307375774
341,0.5019617978529738,-0.08490885994015128
342,0.5024998313062273,-0.6357253676929531
343,0.49149029083011814,-0.06491137083647348
344,0.49280704829389277,-0.06169015200955076
345,0.5049991633848433,0.2405996225563205
346,0.503391688325652,-0.043636192533198254
347,0.5038782040308895,0.040676677357241696
348,0.504999942968228,2.944092769124968
349,0.4969962366969587,-0.05616393231011467
350,0.5049969984432697,0.13553491334948936
351,0.43903085401409825,-0.0515601554812576
352,0.4892155684835692,-0.054870212737721386
353,0.5049998963488127,0.5456174018885785
354,0.49420315376400437,-0.06467481475197155
355,0.4895756308431477,-0.04604682768500779
356,0.5049999983316288,-1.5848905097666794
357,0.504999984315725,-2.3959567813772202
358,0.5049999997750297,8.016409976948795
359,0.5049999671619051,5.471530811752275
360,0.5049999630398293,-3.2681566310130283
361,0.5049999989337735,-1.089070674553188
362,0.5049999977414522,-3.11444614869389
363,0.5049999999620237,-0.6341010217825136
364,0.502603352581911,-0.042048181936709866
365,0.504928219148381,-0.31734250842312905
366,0.5049999664130436,5.421707852014266
367,0.5049999999737446,0.9630494116088129
368,0.4974086178677902,-0.04093821588837451
369,0.5049735863403175,1.924293269032779
370,0.5049427062625397,-0.26222686284499164
371,0.5049999989198445,6.68082205311357
372,0.5049999632873033,6.219022309056021
373,0.5049997762855573,5.813095945363606
374,0.5049982499361216,5.179996800402852
375,0.5049999998792372,8.122443165895676
376,0.5049999967924367,7.249843193349861
377,0.5049968146336271,4.914682236344466
378,0.5049937842160255,4.6879067094007745
379,0.5049985912026962,4.958825944107262
380,0.5049999994793969,5.527815732567346
381,0.5049999271216469,4.854224785053133
382,0.5049992938838543,4.3038097688607
383,0.5049944351843259,3.7033550710265977
384,0.5049766954510773,3.243771929172285
385,0.5048345815472216,2.7455409781493
386,0.5049999998653246,-0.9328265653115063
387,0.5049999854283669,7.356580107327307
388,0.504533449647685,2.5853289098881826
389,0.5049999922604305,6.871868309004969
390,0.5049999749828252,4.816419432099608
391,0.5049998035027383,4.615503707336804
392,0.5049994548833069,4.430299773697575
393,0.5049999971681245,4.891237742291724
394,0.504999145635232,3.9379453173244165
395,0.5049999924822894,4.187768902999829
396,0.5049999992829239,4.40493687644515
397,0.5049892880609042,4.10871516895235
398,0.5049997421443527,5.076677587456713
399,0.504858831354235,2.830483056327704
400,0.5049957710260662,4.460245890953709
401,0.5049719405236229,-0.4576302888190357
402,0.49806275550553986,-0.24679720159312893
403,0.5049472573501433,3.199256391283723
404,0.5049881112050232,0.13312874474010938
405,0.5049991741979514,5.2708734917282865
406,0.5049999669499686,5.782133334239795
407,0.5049999935408692,6.458130326486182
408,0.5049999305481734,6.787147369720065
409,0.504980180133412,-0.07206383807964396
410,0.5049242057184403,2.9483181381315804
411,0.5049999821375244,4.276179757378174
412,0.504993584795775,3.0497532517618495
413,0.503815082202486,1.9585321095350985
414,0.5049968853606287,3.2308752209235574
415,0.5049994918571852,3.6324642510858176
416,0.5049995074070364,3.5977540614305727
417,0.5037016635628719,1.9200286889886293
418,0.5049484545333074,2.373472137874747
419,0.5038318645547898,1.946011609968109
420,0.5049999764172126,4.353921910136
421,0.5049992466645564,3.5542393029414385
422,0.5049996135062942,3.7549869287587385
423,0.5049985249475568,3.1799445936736532
424,0.5047608931118406,2.5168396260023735
425,0.5049297167637994,3.013748027440932
426,0.5049994452902701,3.471766166488514
427,0.5049999983657494,4.059563424756238
428,0.5044489658949735,2.164772493997967
429,0.503371857129812,1.8198941606001342
430,0.5049999709335092,3.8693938765850415
431,0.5049999997248579,4.330078822900883
432,0.504996567785568,3.005123735107202
433,0.5049988657256564,3.1740108967688796
434,0.5049966916135195,2.7867514445242594
435,0.504999791020508,3.1638190714635983
436,0.5049999718824603,3.2407807376831834
437,0.5039782374962906,1.964496131137117
438,0.5049999804901413,3.078449825445201
439,0.5049872093605473,2.495805249958404
440,0.5049996888594798,3.2340336345826417
441,0.5049614742940748,1.9766296979288163
442,0.5049985135740737,2.9195026758310023
443,0.5049999724874435,3.7605818576453545
444,0.5042695054465097,2.076147869263217
445,0.5049894002014179,3.7076970012320376
446,0.5036967908782554,1.876104383883962
447,0.504999984364181,4.000325750962106
448,0.5049999349903607,3.466642950707094
449,0.5049999972547994,3.8795031904371178
450,0.5049999955506635,4.1412194124597566
451,0.5049999540243014,3.841993678143381
452,0.5049916750350002,2.7629492547114993
453,0.5049808456658883,2.5318525873876885
454,0.5049932349142204,2.8463115783536916
455,0.49794539580722935,1.4236784669040479
456,0.5049999479037417,3.8668395379383975
457,0.5037404372610719,1.6343465494136544
458,0.5049999996789815,4.308967027266258
459,0.5049945302806542,2.900249168002705
460,0.4984993329907577,1.3962539495115946
461,0.5049999998630482,4.6431006371454915
462,0.5049998521655573,3.8689038082973473
463,0.5029485854162052,1.520240651754204
464,0.5049999782116232,3.7849887068024994
465,0.5049989246547695,3.0722149740589604
466,0.5049999996135388,4.291524377004528
467,0.504650252058492,1.0845542769804015
468,0.5046458419992403,1.1347090241839861
469,0.503886494286343,-0.35324017518507483
470,0.5023669582628987,-0.22662025085223614
471,0.5043110920297018,-0.40669288895091793
472,0.4978762852590932,-0.1301999657867523
473,0.504781264682692,0.12592397524666513
474,0.5049999990172097,-1.9727879896197515
475,0.504687293202012,0.16446382746016805
476,0.504999993744831,0.7144432183258582
477,0.5042552575669911,-0.448898176733245
478,0.504847670098103,1.5175675460908418
479,0.5049997315939402,4.403744545410254
480,0.5049093678225574,2.5048615607679157
481,0.5036347787652548,1.7807110287747336
482,0.487737753507986,1.3195999893344073
483,0.504999981657856,4.977673066037164
484,0.5049999481263359,-4.998902013324848
485,0.5048922412818171,1.7217838349038652
486,0.4973437253813262,-0.13126839830977588
487,0.5017103739706077,-0.11893836983520573
488,0.5049593834771332,-3.1918853449384934
489,0.5049989811971388,-1.9349179171520314
490,0.4992731580630926,1.0877880991190247
491,0.5049994055057798,1.5557849475655903
492,0.5036551859674361,-0.35010861864327913
493,0.49646530340216555,-0.11860662220098549
494,0.5048607813245206,-0.9336517967193362
495,0.504492897363747,-0.6240274085636273
496,0.5049703043010524,-0.743684037655366
497,0.4907419469319133,-0.07583781119571358
498,0.504716502324624,-0.8730874191242989
499,0.5049599562254513,-2.528235638326166
500,0.4691326192387152,-0.0664370376701854
501,0.5047530719373012,1.1137649986922336
502,0.5049999838353503,6.116036331783226
503,0.5049985132367495,4.70384559478995
504,0.4853024837209737,1.3985143228735926
505,0.5049039755269649,3.0390987752693697
506,0.503997994701537,0.5523567169605191
507,0.5049735632612539,-3.514867219120909
508,0.504976750850008,-2.11275216756838
509,0.5049985864816544,3.290225049153446
510,0.5049999996888169,3.235860195291247
511,0.48710380945114434,-0.11526698259588619
512,0.4939336481617908,-0.1520332127182687
513,0.5049999998831113,-6.061166849550048
514,0.5047070457317587,0.7621515076729878
515,0.5049999885411428,-2.584985050915898
516,0.5049423713162409,-0.7656832940106838
517,0.5049999998300189,-4.68923556156731
518,0.5049999929834785,-4.30720499493692
519,0.5049999997878455,-6.573217266275796
520,0.5006724975085977,-0.21539821792221617
521,0.4857334967983634,-0.07371876822829648
522,0.44595506156362547,-0.04874112441895367
523,0.47641170770143276,-0.09295003039544507
524,0.5049924245901295,4.386616021793612
525,0.5049998619989686,5.998052484574511
526,0.5049999565590163,6.521785659663789
527,0.48519459840691154,-0.12484374021399966
528,0.49990393448058557,-0.22139160803629465
529,0.5046982816798649,-0.9696557930636601
530,0.5049999181206773,-2.3527175007497236
531,0.4774524094964296,-0.10819218482366141
532,0.5049628649355821,-0.7925566958674206
533,0.5049999954041884,-3.8309463991685924
534,0.5047159847307678,-0.8949693125000648
535,0.49709769621716704,-0.12492195431040065
536,0.48432342508197096,-0.08168341065136406
537,0.46110007394570623,-0.07332672374033558
538,0.4762251929423672,-0.09042624003820336
539,0.4679834302454722,-0.0908321440655746
540,0.44885594847301824,-0.08530502160852338
541,0.4537261950796725,-0.09766138978717012
542,0.444730741293897,-0.08157106631766765
543,0.48963270603906556,-0.15912505425379334
544,0.4915727713146635,-0.13930861967512315
545,0.4478014958799953,-0.07286850470583336
546,0.4889560929127204,-0.15302307751242059
547,0.4921350470642647,-0.15005692682317437
548,0.48360450060084775,-0.13025222148647048
549,0.4744237780815389,-0.10189210973827226
550,0.48809829229323737,-0.12437141619217768
551,0.5042910054262163,-0.6547657712627631
552,0.4271948636141307,-0.055597408787101406
553,0.39149992290594593,-0.061944457082135265
554,0.38342928273082816,-0.06932908390472489
555,0.4053680510826442,-0.06528628995480126
556,0.3749517347352283,-0.07307687549876157
557,0.39415511284794935,-0.0716947894551998
558,0.4036575027777792,-0.0720326334493415
559,0.40494040140692994,-0.07361859195966652
560,0.39599237530258513,-0.07429346122213866
561,0.38758219859594684,-0.07552028632933613
562,0.3921385599842911,-0.07439519352297902
563,0.3989873676116367,-0.07392814441176769
564,0.41413786976807776,-0.07316177203178402
565,0.4378122214212886,-0.08946445183562386
566,0.4274154272370453,-0.07231459931352238
567,0.41697338519625,-0.06895119766736035
568,0.42932765178659005,-0.07503630956614701
569,0.4559510329843996,-0.0995381755936294
570,0.46631993727577253,-0.10393692951255604
571,0.48795249656020345,-0.10328358368809715
572,0.4654905210019919,-0.08961401555322346
573,0.4233845427089845,-0.07251524171949275
574,0.37955215903728057,-0.06665735540498853
575,0.3558784848852815,-0.06548968402268532
576,0.3392438734183275,-0.064418654801801
577,0.34723177018612417,-0.06609976098740743
578,0.3474690854628937,-0.06649493018713246
579,0.33776441623532116,-0.06518458803550589
580,0.3479599119679224,-0.06581472958251504
581,0.367979764100829,-0.07050537058070093
582,0.3942250467862159,-0.06796425350191175
583,0.387842911907493,-0.07170386846623261
584,0.4300118480337606,-0.08451021198149328
585,0.4373457082305894,-0.07630660408899628
586,0.40372918348963505,-0.06958918501528745
587,0.3560997568943043,-0.06172672124504499
588,0.3325716224885202,-0.0609472785828488
589,0.2591915561937331,-0.05996062495162344
590,0.19218202158800757,-0.0614615613228071
591,0.3014507969485365,-0.06446399958654135
592,0.1490929361016729,-0.059776708219071044
593,0.15718527764815304,-0.06096448133858571
594,0.1457837889624986,-0.06076476481877379
595,0.20112366995172065,-0.06458495000345436
596,0.35616892494456154,-0.06508825831079507
597,0.3049382760717435,-0.06327975004811903
598,0.2990143051894904,-0.06220475179475446
599,0.44350790891358866,-0.09421407649511634
600,0.16208365731049484,-0.05847917817909461
601,4.86480181385307e-05,-0.05851568661909792
602,0.06725472564115009,-0.06005606153390964
603,-0.006396951806040607,-0.059308179887878246
604,0.17177261456512594,-0.06385782039936895
605,0.0032443732088673904,-0.060038252912167724
606,0.067301439651682,-0.061495041948983475
607,-0.0016257333481691782,-0.06024603126177125
608,0.08709318523925008,-0.06162872891340681
609,0.33444369695732173,-0.054419510473017234
610,-0.004018088161661271,-0.06014963756368413
611,-0.024543337644982954,-0.05986049248580298
612,-0.14513203483132298,-0.0601140837688462
613,-0.24351604333648735,-0.059709528404575093
614,-0.4332852869303052,-0.059335354974822174
615,-0.38300214643954533,-0.059818852975899346
616,-0.3203905889907501,-0.06009758012863735
617,-0.3176392316643357,-0.06017034945078765
618,-0.26942719689526795,-0.06020274093083011
619,-0.2686615147451924,-0.060150150556095974
620,-0.31493613228307116,-0.060045419503730615
621,-0.39460419284585646,-0.05996217547090877
622,-0.43866497836182905,-0.059959133358247034
623,-0.48676713709987773,-0.05996719431247944
624,-0.6093740116541276,-0.06006771336067432
625,-0.6414021637231228,-0.060151258555627675
626,-0.8034513170960715,-0.0600871755462438
627,-1.0642892571902367,-0.05978048087456716
628,-0.9107451009875056,-0.05914405728935147
629,-1.1048875491028431,-0.059632939127044565
630,-1.2516888952871281,-0.059927099299606344
631,-1.1869442012469729,-0.059725158596309134
632,-1.4539618357726072,-0.059922418566238
633,-1.4938539424915263,-0.060105218168346394
634,-2.804555378792565,-0.06017816186754244
635,-2.942223667836257,-0.05994756679118688
636,-0.9794567702616278,-0.06341644234513726
637,-6.273338131786032,-0.06452339395482935
638,-6.9314495692481355,-0.06050725431259326
639,-0.7277258187580257,-0.06063556704827453
640,-1.6839324095786607,-0.059557518471202484
641,-2.5920993487572024,-0.06047904647458512
642,-3.0592415938715023,-0.06109132531335113
643,-0.8749904949722811,-0.06609660038024816
644,-1.1662233367828931,-0.06284108302144935
645,-4.2503680114839675,-0.060922210861280524
646,-5.215560990581351,-0.06122544071208484
647,-4.808932260888411,-0.0615342871050582
648,-1.8793436558674748,-0.06307055965741981
649,-1.8790419926781798,-0.059871133670554924
650,-1.8648403828931408,-0.0588568640296871
651,-2.2130548126893714,-0.06046905519673872
652,-3.0103900210296,-0.060155403476673766
653,0.009987254464268866,-2.8348903480418652
654,-3.8076483413795343,-0.06048027269781859
655,-2.8900705058708827,-0.06103324875433809
656,-2.862089987874234,-0.06091592293272454
657,-2.7532685687534024,-0.06190841696516232
658,-1.8312754722977014,-0.06232937684390779
659,0.004988097094403164,-3.612373135435377
660,-2.278919658862787,-0.061666122050944426
661,-1.5180209959586692e-05,-3.573622473911916
662,-2.28759462166277,-0.06169589980884935
663,0.004986912525474544,-3.967517476698093
664,-2.48129635803779,-0.06508776002231992
665,-1.2360481321477446e-05,-4.084953817579855
666,-2.5174844179732294,-0.06089528593288493
667,-2.4507154144171737,-0.06093361609669254
668,-2.4608123803946076,-0.060939078804128945
669,0.009986531333954189,-3.892927338669052
670,-2.4884469923397425,-0.06089991154113971
671,0.009987313779893533,-4.011437091083845
672,-2.5006969948658466,-0.06089239738075521
673,-2.5050347118500933,-0.06089119885583466
674,0.019987099984204258,-4.014095438371217
675,-2.567004192783043,-0.06092034937628621
676,-2.5219442465606012,-0.06078072132520989
677,0.019986960578728483,-3.795109038168111
678,-2.547246334479864,-0.06033801556962625
679,-2.6637109099398018,-0.05998347829046335
680,0.02498770643073308,0.3274831789619639
681,-2.605661404608794,-0.06012539233327154
682,0.019988140107922634,0.10238472008629476
683,-2.640514299279191,-0.06037501436373201
684,-2.5937556954863488,-0.06038089852074472
685,-2.643031798408239,-0.06035316464237039
686,-2.5552605954623546,-0.06057393534771173
687,0.03498797500882274,-4.016400223139642
688,-2.5303043636423044,-0.060649943619312675
689,0.0399880498176072,-4.0695369371340195
690,0.04498850118222296,-4.088418595850266
691,0.039991382024415385,-0.477776753373487
692,0.03998801371184316,-4.016938498931959
693,-2.699233652830032,-0.0603420271477854
694,-2.7499657603923566,-0.06067622490659255
695,0.04498706061580671,-4.002078565806011
696,-1.9783859536966313,-0.06197453150934487
697,0.044985871352642856,-3.95878389760105
698,-1.7861844120719201,-0.06200943423853159
699,0.049982618540502746,-3.859709374929654
700,-1.8108859650388545,-0.06170557211500195
701,0.04498718072623842,-3.91713816636439
702,-2.0981822113573854,-0.06090634064952462
703,0.04998664806782105,-3.8079850701960165
704,-2.2768560384861414,-0.06025595355958892
705,0.04998626519198226,-3.8537133066305036
706,-2.414523091061181,-0.060747962251716386
707,-2.210523970670001,-0.06140843073425487
708,-2.760057247950138,-0.05974526641856623
709,0.049986941527288525,-3.5731530082352227
710,-3.5591927790216635,-0.05950835142897777
711,0.04998371188305767,-1.8993657044060797
712,-3.0817267211345682,-0.06576637153941244
713,-3.8813339498599735,-0.05963802197421885
714,0.06498431284680203,-2.66176246152849
715,-2.981087555509044,-0.06175943972560302
716,-2.9004036237086384,-0.06209216086337248
717,-2.627901913170924,-0.06209625937569201
718,-2.284333732528488,-0.0613528352231489
719,-2.091252709127118,-0.06103206206805268
720,-1.9855175442400144,-0.06102970216725574
721,-1.804916792798158,-0.06491366249339686
722,-1.6533444549485083,-0.06184880866505483
723,-1.5569174659789493,-0.06264889950390654
724,-2.1124412440184166,-0.060866514030579445
725,-3.8361907497440524,-0.062472983502702556
726,-4.002198305481348,-0.062132993640185236
727,-4.967397761970023,-0.06042434450552306
728,-5.053252667415675,-0.06586686086723798
729,-5.0032849132828385,-0.06024315193066935
730,-4.843111197382069,-0.06055102208839616
731,-4.895893957459945,-0.060263536895251636
732,-4.916758350156322,-0.060059608495667466
733,-2.343130813317742,-0.060071802857979285
734,-1.1025645973293416,-0.061525632783303114
735,-0.8999640501132316,-0.061202974148621296
736,-0.7847315979221618,-0.061714072856027376
737,-0.584548408423163,-0.06527093421939532
738,-0.6984854640491954,-0.06258539728674356
739,-1.0168760132229206,-0.06297441922027297
740,-2.3833300461036706,-0.061321226041255776
741,-2.8888893901467982,-0.06120175582275673
742,-2.8195464529694934,-0.0630681958624296
743,-2.7735002478014623,-0.06403647106717444
744,-2.7126052408811927,-0.0640431690744046
745,-2.4869078873940085,-0.06467005379810374
746,-1.9478491771650461,-0.06751961828801195
747,-0.9861682104895139,-0.0616425196197311
748,-0.9902349942408899,-0.06316873435274559
749,-1.211716133272233,-0.062407440347950614
750,-1.787811357095216,-0.06068538502508649
751,-4.987189163814598,-0.06072531862898914
752,-6.2385052983469595,-0.06090161143801163
753,-6.3341474995907685,-0.062084803662325855
754,-2.914600441072051,-0.0593723922735279
755,-0.9066811479277536,-0.05349110374509154
756,-2.2372940664407706,-0.05951360773198823
757,-1.5172841081156014,-0.059204281325269115
758,-3.73287606075902,-0.059553025634445894
759,-3.244340726804132,-0.05943327668273505
760,-0.8657387901417147,-0.05494507579672791
761,-1.409100215214278,-0.05883071875327693
762,-1.7244753294772626,-0.06012023028509715
763,-2.0884423799899374,-0.05954587616975046
764,-2.2673230764169054,-0.06005450800367506
765,-1.570293738189362,-0.060177985884568595
766,-1.541118291792449,-0.06001609407419117
767,-1.8015050408912472,-0.05866712765942627
768,-1.6443873500222927,-0.059793938822872525
769,-1.5433422450029655,-0.05998707122243089
770,-1.5316385377628536,-0.05987237606733906
771,-1.4712605631110465,-0.05982142419952059
772,-1.3266766495267477,-0.060013183615664815
773,-1.3039019976729687,-0.05999717406813473
774,-1.2865434009555357,-0.059886690319115435
775,-1.2471079025754181,-0.05995645794528946
776,-0.9448420546321117,-0.060322138551914595
777,-1.1053983086168975,-0.06024634011771427
778,-0.8174677547048621,-0.0634060121994568
779,-0.7122662079508013,-0.06065350678368137
780,-0.7406827079470732,-0.06034841584066245
781,-0.691337976184101,-0.06029290959729783
782,-0.6662790899909798,-0.060377513429770775
783,-0.645335075988571,-0.06035134579327129
784,-0.61786224065014,-0.06028910512972427
785,-0.6232428901885763,-0.0600691422404554
786,-0.5975662216997757,-0.06003053005099042
787,-0.5994663973467089,-0.059850427677345434
788,-0.575717030359592,-0.05985440248096403
789,-0.5288731346534026,-0.059888956614741036
790,-0.475487138324254,-0.05985477922801192
791,-0.43009145338579907,-0.05992546251573673
792,-0.36752501284267053,-0.06007013354053549
793,-0.2546158924136404,-0.060664363925163
794,-0.2205734156027403,-0.060656755706716324
795,-0.21826416075422256,-0.06043464584948979
796,-0.21961491420585721,-0.060170359504500545
797,-0.1492135474479478,-0.060354617689421186
798,-0.06007107729025185,-0.06332001515874715
799,-0.06283877771938151,-0.061247229850504695
800,-0.06644085889850226,-0.05974905226338607
801,-0.046821697020116626,-0.05971027188626071
802,0.23854447173956217,-0.06725781635566633
803,0.13414986612350305,-0.06178435585175497
804,0.3031173758318867,-0.06794081811213379
805,0.27347712924659673,-0.06294862337885002
806,0.2407850911775014,-0.06242854158629444
807,0.21485775600303297,-0.06161714586069447
808,0.17208075521667593,-0.060614313518364736
809,0.12091697282170488,-0.05947702564187424
810,0.05435503151175536,-0.05878670975183895
811,0.1044085274640491,-0.05971497174861176
812,0.11825891353106072,-0.06009280223603505
813,0.43439201720904563,-0.06878326467265006
814,0.4027916697958596,-0.06462839105830623
815,0.38801356487735517,-0.06488228161532977
816,0.3232346342719724,-0.0652474246033856
817,0.3349475290487905,-0.06634600555116332
818,0.28452659911380174,-0.06563639748111445
819,0.32970571372104973,-0.06636649403434663
820,0.3470643597224652,-0.06556034350956987
821,0.3783948113975676,-0.06557035725702487
822,0.4576876181407826,-0.07127615901661247
823,0.5110763214670386,-0.06915402111736917
824,0.4932439927734402,-0.0699786284887289
825,0.48207244957769996,-0.07160757402411252
826,0.4599060820174873,-0.07446490028829082
827,0.4182604154822007,-0.06992173869407345
828,0.367555288166994,-0.06881786906115828
829,0.40255815829316555,-0.06969491975210695
830,0.4629288867679976,-0.0771647440649617
831,0.47929977525233747,-0.07496318464128175
832,0.48202308022589074,-0.0736823318687587
833,0.5087962576399556,-0.07559490967830401
834,0.5514659793184762,-0.09926844783876312
835,0.5568371388269276,-0.09088091294338776
836,0.49536671761037626,-0.07123622689471931
837,0.4377301222587461,-0.07740412634261126
838,0.4693480956797146,-0.07900200143975478
839,0.45715764121316066,-0.0777043686925212
840,0.4831397312067909,-0.08024433677080092
841,0.4855881525636131,-0.07377426933310628
842,0.5240128337845401,-0.09725066382434966
843,0.5076551795707741,-0.0748105219665389
844,0.5041903039370464,-0.07236925704177564
845,0.5270293101579044,-0.09232809533005251
846,0.5424425137811929,-0.10506962010594761
847,0.5659360125261866,-0.12462942287001369
848,0.5463216058533013,-0.09612257383898075
849,0.5590505017180288,-0.11163467652188822
850,0.49065323092172775,-0.06703115061322011
851,0.541913346462527,-0.10032348983107864
852,0.5048418713396924,-0.06604025526647067
853,0.5443892134267256,-0.10126943271451297
854,0.5764538126200381,-0.36593893044113723
855,0.5799987007558469,-2.1915906797298605
856,0.571950850754773,-0.19069280205765068
857,0.5380176634178906,-0.08459050064273747
858,0.5579892170570049,-0.10385201342380448
859,0.5799999673576617,4.3759372698198975
860,0.5799844069289715,2.723543690806396
861,0.5562736724952213,1.1819516377385209
862,0.5799992535585752,3.6192687512838924
863,0.5799955600683696,3.0955893864822523
864,0.5799999940203846,4.683526266050044
865,0.5383525326093066,-0.08333610501126444
866,0.5542196445950889,-0.10282786324122245
867,0.5535430570867809,-0.10700899379918499
868,0.5503812265916529,-0.09995716498911712
869,0.5571619083510915,-0.1068848102530541
870,0.5455835122083249,-0.07617547243414607
871,0.5746465719812897,-0.2532745767919315
872,0.5749726593087764,1.7649175145441933
873,0.569998301139079,4.160417015658668
874,0.5616284916366717,-0.15406230733266352
875,0.569799751948766,-0.8523305637852708
876,0.5698718240386423,1.4894671382530973
877,0.5593255797541304,-0.12761840354806336
878,0.5569014713038426,-0.014908497098824955
879,0.5699643063565158,-3.3395406631294624
880,0.5699978316487504,-4.177003921307272
881,0.5699662738855147,-2.022055279168233
882,0.5699890376085631,-2.401885124905734
883,0.5474597982732116,-0.09522519944576777
884,0.5339012234874392,-0.06002720937236565
885,0.5519560417100383,0.02999184815434331
886,0.5698973783760231,-1.4588222525193884
887,0.5699532683346801,-1.9586360684483772
888,0.5699782627867731,-1.9187171536750451
889,0.5698796316528183,1.5468299958378684
890,0.5177868334536831,-0.03929817526128518
891,0.5535230073453529,-0.09461965700647702
892,0.5699802702791343,-0.9979055550885602
893,0.5597086719942923,-0.10027906383221544
894,0.5646835820515358,0.968728017926332
895,0.5648538837105069,1.4490766897529956
896,0.5649996671583903,5.07677721067897
897,0.5598605066378853,2.790941560676653
898,0.5599999644515725,5.661242712056677
899,0.5599999774809359,3.470876933096896
900,0.5599769689539486,2.1131656852727425
901,0.5511110227118866,1.3926765556168377
902,0.5549948990926465,2.4526193496013726
903,0.5599999994827927,3.7545736695746914
904,0.554999774414606,3.104568301762235
905,0.5549913406667755,4.048255114426812
906,0.5599999998054839,6.74236763171783
907,0.5599998110461057,-2.452687211952128
908,0.552403305865323,1.1730837413193902
909,0.5549999986448435,0.4638579663223825
910,0.5599877476479886,4.165569638357114
911,0.5549971267732039,4.8281026353657825
912,0.5549679434579164,0.10188044069950661
913,0.554231911505548,-0.4395128124271557
914,0.5549996161415965,-4.995432094732871
915,0.5549999531738199,-6.222764495299607
916,0.5544554845735947,0.5822093826764693
917,0.5549998481529804,-4.428741106600358
918,0.5549991654441897,1.444778210837328
919,0.5549998195060533,1.5231822399311825
920,0.5549943332804373,3.933137298776843
921,0.5482723251987266,1.6110095598800471
922,0.5549999958641685,5.9558402895262805
923,0.5549999328716718,5.408664431905154
924,0.5548358483523212,-0.7172872488079962
925,0.5473851424675952,-0.12451317183397095
926,0.5499906837681893,1.9257568794463664
927,0.5441472328696879,-0.1614032727044353
928,0.5417726617736337,-0.12492272524485906
929,0.5425225662892414,-0.15527378236109446
930,0.5424762816487538,-0.1463551491797813
931,0.5464958353258877,-0.24195894186774508
932,0.5460930570966634,-0.21316024449497575
933,0.5485268541352748,-0.36600993342783866
934,0.5457226104269544,-0.1737616619692553
935,0.5499870007953824,-0.40358464047116127
936,0.5499999999245475,-4.087136301883694
937,0.5493166285203674,-0.2850533826996032
938,0.5499999987218027,3.5480289235437463
939,0.5498221910024276,1.9347879485491162
940,0.5487289524983908,-0.21716015248430548
941,0.5499731143833702,-0.9712165891316308
942,0.5495990167125764,-0.386382905013275
943,0.5296814948240369,2.200903781632335
944,0.5249999139534248,4.6563006479481635
945,0.524999999811398,5.281736817482935
946,0.5291048389647762,1.982096905591807
947,0.5299993116540076,4.182159465455127
948,0.5249999820729535,5.0689127227568855
949,0.5249999527086789,4.734704446508716
950,0.5299810341235783,3.102009295716611
951,0.5167979589448924,1.5269109157713172
952,0.5177388763366444,1.5465936642301914
953,0.5198260557293891,2.351459866790251
954,0.5249627570073314,0.9036475640453537
955,0.5249996830123451,1.5358795551882438
956,0.5243670328636283,1.9075583757368073
957,0.5249522360274907,-0.03201756160698338
958,0.5249997445282254,1.182408121055885
959,0.5249997588517329,2.892581876935837
960,0.5223648970365589,-0.17675674635848723
961,0.5249999978306473,3.4505352641924576
962,0.5249594790706186,-1.4392246400665143
963,0.524941322776511,-0.6642409814830139
964,0.524996304530333,3.2736339994599453
965,0.5237349971382286,1.7999420915480462
966,0.5249990410521632,3.6151109280216254
967,0.5238623048557481,1.8054953281060333
968,0.5249999317268492,4.309168169492084
969,0.5249999972092976,4.7077116236948555
970,0.5249628330756148,0.4581430415715354
971,0.5249999993105742,-4.19588281457797
972,0.5249999841255565,-3.7128100726446167
973,0.5249999264799232,-3.155622181553549
974,0.5199999954857937,1.2537801066401175
975,0.5145517364561661,1.3377907237311573
976,0.514999869362475,1.2471524345664555
977,0.5144577737106626,1.3256054326283346
978,0.5149999589240689,1.4112144888784695
979,0.5149999990665571,1.430289616739107
980,0.5099999922385273,2.6590680810716254
981,0.509667909156513,1.6734946131672828
982,0.5049999993543896,2.643545673834069
983,0.5099999357449648,2.4350244600331306
984,0.5096086701710968,1.6753099609376305
985,0.5049994474030747,2.2373585712624715
986,0.5049999856327131,3.976462046503598
987,0.5092767591072497,1.766842615476939
988,0.504476873201016,1.8031355567295981
989,0.5049999921808896,3.961704340203891
990,0.5049999964905209,3.988648246667622
991,0.49999875026481966,3.086977789609662
992,0.4992138346530308,1.7836593888214851
993,0.5048207962463857,2.1182075209723736
994,0.5013425669646183,1.6220086124479354
995,0.5049999255476507,3.9043320087014517
996,0.4999999474076877,4.048296572779263
997,0.5047161288634435,1.9457327200844132
998,0.5049904993383431,2.7039408086812187
999,0.5049999979875817,4.174982105838853
1000,0.4999998526968344,4.7637574887294685
1001,0.4949999896547262,4.313527391986285
1002,0.494999962319252,3.9519850536340693
1003,0.49999551096086,3.0496352860718385
1004,0.4988935215435717,1.9652282841331872
1005,0.49999999982674914,4.402588334205274
1006,0.494999957782738,3.9730993348861556
1007,0.4998507677946293,2.3169290603531874
1008,0.4943670662743629,2.177168063957652
1009,0.49397878850348076,2.0039682691897784
1010,0.499999999898699,4.55133253585796
1011,0.49999929816190203,3.489505872976821
1012,0.49999803618840855,3.33105858066655
1013,0.49499999376280934,4.465564813827645
1014,0.49998343676981083,2.7320431065269313
1015,0.4999999139624762,4.181971262644841
1016,0.49999684071332656,3.2498629348445087
1017,0.4949999898396574,4.4666792097963395
1018,0.49999989610765216,4.028481951120928
1019,0.4999999685723614,4.146491613677183
1020,0.49999948867217087,3.731612302649585
1021,0.4949808797713906,2.782568159880959
1022,0.49499998645368654,4.5877535607898565
1023,0.4999799166979859,2.696191166088592
1024,0.4999969596259646,3.1830864747047953
1025,0.49358018859901537,1.9202597251762146
1026,0.49499999146153234,4.448796715962853
1027,0.49498682543203004,2.8407861860112877
1028,0.4999980891209628,3.357403332253484
1029,0.49499974523799206,3.9608671633663954
1030,0.49379136162594517,1.9748982179781842
1031,0.4949994625783038,3.8056199221644778
1032,0.49389852834081277,2.0064298221337893
1033,0.4949776085027463,2.7141436104243226
1034,0.4944723961939188,2.311057539868373
1035,0.49498914032140773,2.996053641356224
1036,0.4949990196942066,3.7208504131571982
1037,0.49499852821184476,4.624801322432935
1038,0.4947389491973129,2.552792201818775
1039,0.4949948509308692,4.069395489565411
1040,0.49491117875442087,3.0123611321238646
1041,0.4949983562793365,3.57836001385159
1042,0.49499901268540086,5.478796330027203
1043,0.48965969131074766,2.4794308529789535
1044,0.48499989591412107,4.50689776326663
1045,0.4899971052065029,3.6938950422962793
1046,0.48999997374974225,5.083914451197415
1047,0.4949984529388577,4.065790895514462
1048,0.48999997858682665,4.9267604914017085
1049,0.48499998864461313,5.309496066158837
1050,0.48499233999107494,3.566044910995789
1051,0.48999991705678086,5.0500180987008
1052,0.4949983853925069,4.136632886502426
1053,0.48860226284437364,2.0409415099700636
1054,0.4849957362892912,3.790270558054995
1055,0.48497828152166045,3.2462471908547625
1056,0.48870750385288686,2.0719036470664434
1057,0.4949996693226419,4.7119052875497145
1058,0.4949951378211116,3.81493582178707
1059,0.48917570701191404,2.243417085576281
1060,0.48417399980396186,2.279660879790794
1061,0.4899911594204172,4.137470927951689
1062,0.48996875700113973,3.5148845188050553
1063,0.49499970792690784,6.410002675490056
1064,0.4899882137942166,4.135118417796066
1065,0.489950232553469,3.333069411178427
1066,0.4849943234424861,4.515771288185103
1067,0.4899982120858624,5.231357720476243
1068,0.49499970107299585,5.678847542589941
1069,0.49463000065667917,2.645973862897106
1070,0.48999925925770815,5.1656985151821315
1071,0.48965231253257363,2.7037304105604436
1072,0.4848142224057369,2.9716925147754165
1073,0.4799966592072952,4.978904611900364
1074,0.4799267112125632,3.458612449258522
1075,0.474965879669288,3.823085752358047
1076,0.4699998726335243,6.408111949756246
1077,0.47499998340246924,7.139768490812231
1078,0.4699931787401535,-0.24101820179847896
1079,0.46999999994202063,-2.3987994427399126
1080,0.4599999906046417,4.244526174298964
1081,0.459999998392752,-6.9981242035134255
1082,0.45499999790973183,-4.7303700183060675
1083,0.4549999968581517,-0.5518748849975437
1084,0.45499998261889013,2.073316855255732
1085,0.4599999778938326,-5.5128648214813225
1086,0.45499997561738964,-3.31279234918211
1087,0.44999993657004694,-5.978206243715123
1088,0.45499999962289517,4.533221767878291
1089,0.4599884885408039,-0.24140272383530684
1090,0.45994913960814066,-0.058168787491980394
1091,0.4415951492266214,-0.09162003770438829
1092,0.4249999653370102,0.050508199726306914
1093,0.41451774568260136,-0.36500719872962656
1094,0.409999946163836,0.9086152971145047
1095,0.40499416946508016,0.36402378313988304
1096,0.40499004898467555,-2.397224447054526
1097,0.4099992945586077,-0.03135977558286494
1098,0.4099999961917967,7.704186326858247
1099,0.40499798128635045,-0.49746731147955076
1100,0.4099502460574635,-0.07372557399185933
