step,linear_x,angular_z
0,0.0,0.0
1,0.0,0.0
2,0.0,0.0
3,0.0,0.0
4,0.0,0.0
5,0.0,0.0
6,0.0,0.0
7,0.0,0.0
8,0.0,0.0
9,0.0,0.0
10,0.0,0.0
11,0.0,0.0
12,0.0,0.0
13,0.0,0.0
14,0.0,0.0
15,0.0,0.0
16,0.0,0.0
17,0.0,0.0
18,0.0,0.0
19,0.0,0.0
20,0.0,0.0
21,0.0,0.0
22,0.0,0.0
23,0.0,0.0
24,0.0,0.0
25,0.0,0.0
26,0.0,0.0
27,0.0,0.0
28,0.0,0.0
29,0.0,0.0
30,0.0,0.0
31,0.0,0.0
32,0.0,0.0
33,0.0,0.0
34,0.0,0.0
35,0.0,0.0
36,0.0,0.0
37,0.0,0.0
38,0.0,0.0
39,0.0,0.0
40,0.0,0.0
41,0.0,0.0
42,0.0,0.0
43,0.0,0.0
44,0.0,0.0
45,0.0,0.0
46,0.0,0.0
47,0.0,0.0
48,0.0,0.0
49,0.0,0.0
50,0.0,0.0
51,0.0,0.0
52,0.0,0.0
53,0.0,0.0
54,0.0,0.0
55,0.0,0.0
56,0.0,0.0
57,0.0,0.0
58,0.0,0.0
59,0.0,0.0
60,0.0,0.0
61,0.0,0.0
62,0.0,0.0
63,0.0,0.0
64,0.0,0.0
65,0.0,0.0
66,0.0,0.0
67,0.0,0.0
68,0.0,0.0
69,0.0,0.0
70,0.0,0.0
71,0.0,0.0
72,0.0,0.0
73,0.0,0.0
74,0.0,0.0
75,0.0,0.0
76,0.0,0.0
77,0.0,0.0
78,0.0,0.0
79,0.0,0.0
80,0.0,0.0
81,0.0,0.0
82,0.0,0.0
83,0.0,0.0
84,0.0,0.0
85,0.0,0.0
86,0.0,0.0
87,0.0,0.0
88,0.0,0.0
89,0.0,0.0
90,0.0,0.0
91,0.0,0.0
92,0.0,0.0
93,0.0,0.0
94,0.0,0.0
95,0.0,0.0
96,0.0,0.0
97,0.0,0.0
98,0.0,0.0
99,0.0,0.0
100,0.0,0.0
101,0.0,0.0
102,0.0,0.0
103,0.0,0.0
104,0.0,0.0
105,0.0,0.0
106,0.0,0.0
107,0.0,0.0
108,0.0,0.0
109,0.0,0.0
110,0.0,0.0
111,0.0,0.0
112,0.0,0.0
113,0.0,0.0
114,0.0,0.0
115,0.0,0.0
116,0.0,0.0
117,0.0,0.0
118,0.0,0.0
119,0.0,0.0
120,0.0,0.0
121,0.0,0.0
122,0.0,0.0
123,0.0,0.0
124,0.0,0.0
125,0.0,0.0
126,0.0,0.0
127,0.0,0.0
128,0.0,0.0
129,0.0,0.0
130,0.0,0.0
131,0.0,0.0
132,0.0,0.0
133,0.0,0.0
134,0.0,0.0
135,0.0,0.0
136,0.0,0.0
137,0.0,0.0
138,0.0,0.0
139,0.0,0.0
140,0.0,0.0
141,0.0,0.0
142,0.0,0.0
143,0.0,0.0
144,0.0,0.0
145,0.0,0.0
146,0.0,0.0
147,0.0,0.0
148,0.0,0.0
149,0.0,0.0
150,0.0,0.0
151,0.0,0.0
152,0.0,0.0
153,0.0,0.0
154,0.0,0.0
155,0.0,0.0
156,0.0,0.0
157,0.0,0.0
158,0.0,0.0
159,0.0,0.0
160,0.0,0.0
161,0.0,0.0
162,0.0,0.0
163,0.0,0.0
164,0.0,0.0
165,0.0,0.0
166,0.0,0.0
167,0.0,0.0
168,0.0,0.0
169,0.0,0.0
170,0.0,0.0
171,0.0,0.0
172,0.0,0.0
173,0.0,0.0
174,0.0,0.0
175,0.0,0.0
176,0.0,0.0
177,0.0,0.0
178,0.0,0.0
179,0.0,0.0
180,0.0,0.0
181,0.0,0.0
182,0.0,0.0
183,0.0,0.0
184,0.0,0.0
185,0.0,0.0
186,0.0,0.0
187,0.0,0.0
188,0.0,0.0
189,0.0,0.0
190,0.0,0.0
191,0.0,0.0
192,0.0,0.0
193,0.0,0.0
194,0.0,0.0
195,0.0,0.0
196,0.0,0.0
197,0.0,0.0
198,0.0,0.0
199,0.0,0.0
200,0.0,0.0
201,0.0,0.0
202,0.0,0.0
203,0.0,0.0
204,0.0,0.0
205,0.0,0.0
206,0.0,0.0
207,0.0,0.0
208,0.0,0.0
209,0.0,0.0
210,0.0,0.0
211,0.0,0.0
212,0.0,0.0
213,0.0,0.0
214,0.0,0.0
215,0.0,0.0
216,0.0,0.0
217,0.0,0.0
218,0.0,0.0
219,0.0,0.0
220,0.0,0.0
221,0.0,0.0
222,0.0,0.0
223,0.0,0.0
224,0.0,0.0
225,0.0,0.0
226,0.0,0.0
227,0.0,0.0
228,0.0,0.0
229,0.0,0.0
230,0.0,0.0
231,0.0,0.0
232,0.0,0.0
233,0.0,0.0
234,0.0,0.0
235,0.0,0.0
236,0.0,0.0
237,0.0,0.0
238,0.0,0.0
239,0.0,0.0
240,0.0,0.0
241,0.0,0.0
242,0.0,0.0
243,0.0,0.0
244,0.0,0.0
245,0.0,0.0
246,0.0,0.0
247,0.0,0.0
248,0.0,0.0
249,0.0,0.0
250,0.0,0.0
251,0.0,0.0
252,0.0,0.0
253,0.0,0.0
254,0.0,0.0
255,0.0,0.0
256,0.0,0.0
257,0.0,0.0
258,0.0,0.0
259,0.0,0.0
260,0.0,0.0
261,0.0,0.0
262,0.0,0.0
263,0.0,0.0
264,0.0,0.0
265,0.0,0.0
266,0.0,0.0
267,0.0,0.0
268,0.0,0.0
269,0.0,0.0
270,0.0,0.0
271,0.0,0.0
272,0.0,0.0
273,0.0,0.0
274,0.0,0.0
275,0.0,0.0
276,0.0,0.0
277,0.0,0.0
278,0.0,0.0
279,0.0,0.0
280,0.0,0.0
281,0.0,0.0
282,0.0,0.0
283,0.0,0.0
284,0.0,0.0
285,0.0,0.0
286,0.0,0.0
287,0.0,0.0
288,0.0,0.0
289,0.0,0.0
290,0.0,0.0
291,0.0,0.0
292,0.0,0.0
293,0.0,0.0
294,0.0,0.0
295,0.0,0.0
296,0.0,0.0
297,0.0,0.0
298,0.0,0.0
299,0.0,0.0
300,0.0,0.0
301,0.0,0.0
302,0.0,0.0
303,0.0,0.0
304,0.0,0.0
305,0.0,0.0
306,0.0,0.0
307,0.0,0.0
308,0.0,0.0
309,0.0,0.0
310,0.0,0.0
311,0.0,0.0
312,0.0,0.0
313,0.0,0.0
314,0.0,0.0
315,0.0,0.0
316,0.0,0.0
317,0.0,0.0
318,0.0,0.0
319,0.0,0.0
320,0.0,0.0
321,0.0,0.0
322,0.0,0.0
323,0.0,0.0
324,0.0,0.0
325,0.0,0.0
326,0.0,0.0
327,0.0,0.0
328,0.0,0.0
329,0.0,0.0
330,0.0,0.0
331,0.0,0.0
332,0.0,0.0
333,0.0,0.0
334,0.0,0.0
335,0.0,0.0
336,0.0,0.0
337,0.0,0.0
338,0.0,0.0
339,0.0,0.0
340,0.0,0.0
341,0.0,0.0
342,0.0,0.0
343,0.0,0.0
344,0.0,0.0
345,0.0,0.0
346,0.0,0.0
347,0.0,0.0
348,0.0,0.0
349,0.0,0.0
350,0.0,0.0
351,0.0,0.0
352,0.0,0.0
353,0.0,0.0
354,0.0,0.0
355,0.0,0.0
356,0.0,0.0
357,0.0,0.0
358,0.0,0.0
359,0.0,0.0
360,0.0,0.0
361,0.0,0.0
362,0.0,0.0
363,0.0,0.0
364,0.0,0.0
365,0.0,0.0
366,0.0,0.0
367,0.0,0.0
368,0.0,0.0
369,0.0,0.0
370,0.0,0.0
371,0.0,0.0
372,0.0,0.0
373,0.0,0.0
374,0.0,0.0
375,0.0,0.0
376,0.0,0.0
377,0.0,0.0
378,0.0,0.0
379,0.0,0.0
380,0.0,0.0
381,0.0,0.0
382,0.0,0.0
383,0.0,0.0
384,0.0,0.0
385,0.0,0.0
386,0.0,0.0
387,0.0,0.0
388,0.0,0.0
389,0.0,0.0
390,0.0,0.0
391,0.0,0.0
392,0.0,0.0
393,0.0,0.0
394,0.0,0.0
395,0.0,0.0
396,0.0,0.0
397,0.0,0.0
398,0.0,0.0
399,0.0,0.0
400,0.0,0.0
401,0.0,0.0
402,0.0,0.0
403,0.0,0.0
404,0.0,0.0
405,0.0,0.0
406,0.0,0.0
407,0.0,0.0
408,0.0,0.0
409,0.0,0.0
410,0.0,0.0
411,0.0,0.0
412,0.0,0.0
413,0.0,0.0
414,0.0,0.0
415,0.0,0.0
416,0.0,0.0
417,0.0,0.0
418,0.0,0.0
419,0.0,0.0
420,0.0,0.0
421,0.0,0.0
422,0.0,0.0
423,0.0,0.0
424,0.0,0.0
425,0.0,0.0
426,0.0,0.0
427,0.0,0.0
428,0.0,0.0
429,0.0,0.0
430,0.0,0.0
431,0.0,0.0
432,0.0,0.0
433,0.0,0.0
434,0.0,0.0
435,0.0,0.0
436,0.0,0.0
437,0.0,0.0
438,0.0,0.0
439,0.0,0.0
440,0.0,0.0
441,0.0,0.0
442,0.0,0.0
443,0.0,0.0
444,0.0,0.0
445,0.0,0.0
446,0.0,0.0
447,0.0,0.0
448,0.0,0.0
449,0.0,0.0
450,0.0,0.0
451,0.0,0.0
452,0.0,0.0
453,0.0,0.0
454,0.0,0.0
455,0.0,0.0
456,0.0,0.0
457,0.0,0.0
458,0.0,0.0
459,0.0,0.0
460,0.0,0.0
461,0.0,0.0
462,0.0,0.0
463,0.0,0.0
464,0.005,0.0
465,0.01,0.0
466,0.015,0.0
467,0.02,0.0
468,0.025,0.0
469,0.030000000000000002,0.0
470,0.035,0.0
471,0.04,0.0
472,0.045,0.0
473,0.049999999999999996,0.0
474,0.049999999999999996,0.0
475,0.05999999999999999,0.0
476,0.06499999999999999,0.0
477,0.06999999999999999,0.0
478,0.075,0.0
479,0.08,0.0
480,0.085,0.0
481,0.09000000000000001,0.0
482,0.09500000000000001,0.0
483,0.09500000000000001,0.0
484,0.10000000000000002,0.0
485,0.10500000000000002,0.0
486,0.11000000000000003,0.0
487,0.11500000000000003,0.0
488,0.12000000000000004,0.0
489,0.13000000000000003,0.0
490,0.13500000000000004,0.0
491,0.13500000000000004,0.0
492,0.14000000000000004,0.0
493,0.15000000000000005,0.0
494,0.15000000000000005,0.0
495,0.15500000000000005,0.0
496,0.16000000000000006,0.0
497,0.16500000000000006,0.0
498,0.17000000000000007,0.0
499,0.17500000000000007,0.0
500,0.18000000000000008,0.0
501,0.18500000000000008,0.0
502,0.19000000000000009,0.0
503,0.1950000000000001,0.0
504,0.2000000000000001,0.0
505,0.2050000000000001,0.0
506,0.2100000000000001,0.0
507,0.2100000000000001,0.0
508,0.2150000000000001,0.0
509,0.2200000000000001,0.0
510,0.22500000000000012,0.0
511,0.23500000000000013,0.0
512,0.23500000000000013,0.0
513,0.24000000000000013,0.0
514,0.24500000000000013,0.0
515,0.2500000000000001,0.0
516,0.2550000000000001,0.0
517,0.2600000000000001,0.0
518,0.2650000000000001,0.0
519,0.2650000000000001,0.0
520,0.27000000000000013,0.0
521,0.27500000000000013,0.0
522,0.28000000000000014,0.0
523,0.28500000000000014,0.0
524,0.29000000000000015,0.0
525,0.29500000000000015,0.0
526,0.30000000000000016,0.0
527,0.30500000000000016,0.0
528,0.31000000000000016,0.0
529,0.31500000000000017,0.0
530,0.31500000000000017,0.0
531,0.3200000000000002,0.0
532,0.3250000000000002,0.0
533,0.3300000000000002,0.0
534,0.3350000000000002,0.0
535,0.3400000000000002,0.0
536,0.3450000000000002,0.0
537,0.3500000000000002,0.0
538,0.3500000000000002,0.0
539,0.3550000000000002,0.0
540,0.3600000000000002,0.0
541,0.3650000000000002,0.0
542,0.3700000000000002,0.0
543,0.3700000000000002,0.0
544,0.3750000000000002,0.0
545,0.38500000000000023,0.0
546,0.38500000000000023,0.0
547,0.39000000000000024,0.0
548,0.39500000000000024,0.0
549,0.40000000000000024,0.0
550,0.40500000000000025,0.0
551,0.41000000000000025,0.0
552,0.41500000000000026,0.0
553,0.42000000000000026,0.0
554,0.42000000000000026,0.0
555,0.42500000000000027,0.0
556,0.43000000000000027,0.0
557,0.4350000000000003,0.0
558,0.4400000000000003,0.0
559,0.4450000000000003,0.0
560,0.4500000000000003,0.0
561,0.4550000000000003,0.0
562,0.4600000000000003,0.0
563,0.4700000000000003,0.0
564,0.4700000000000003,0.0
565,0.4750000000000003,0.0
566,0.4800000000000003,0.0
567,0.4850000000000003,0.0
568,0.4900000000000003,0.0
569,0.49500000000000033,0.0
570,0.49500000000000033,0.0
571,0.5050000000000003,0.0
572,0.5100000000000003,0.0
573,0.5100000000000003,0.0
574,0.5150000000000003,0.0
575,0.5200000000000004,0.0
576,0.5250000000000004,0.0
577,0.5300000000000004,0.0
578,0.5350000000000004,0.0
579,0.5400000000000004,0.0
580,0.5450000000000004,0.0
581,0.5450000000000004,0.0
582,0.5500000000000004,0.0
583,0.5550000000000004,0.0
584,0.5600000000000004,0.0
585,0.5650000000000004,0.0
586,0.5700000000000004,0.0
587,0.5750000000000004,0.0
588,0.5800000000000004,0.0
589,0.5850000000000004,0.0
590,0.5900000000000004,0.0
591,0.5950000000000004,0.0
592,0.6000000000000004,0.0
593,0.6050000000000004,0.0
594,0.6100000000000004,0.0
595,0.6150000000000004,0.0
596,0.6200000000000004,0.0
597,0.6250000000000004,0.0
598,0.6300000000000004,0.0
599,0.6350000000000005,0.0
600,0.6400000000000005,0.0
601,0.6450000000000005,0.0
602,0.6500000000000005,0.0
603,0.6550000000000005,0.0
604,0.6550000000000005,0.0
605,0.6600000000000005,0.0
606,0.6650000000000005,0.0
607,0.6700000000000005,0.0
608,0.6750000000000005,0.0
609,0.6800000000000005,0.0
610,0.6850000000000005,0.0
611,0.6900000000000005,0.0
612,0.6950000000000005,0.0
613,0.7000000000000005,0.0
614,0.7050000000000005,0.0
615,0.7100000000000005,0.0
616,0.7150000000000005,0.0
617,0.7200000000000005,0.0
618,0.7250000000000005,0.0
619,0.7300000000000005,0.0
620,0.7350000000000005,0.0
621,0.7400000000000005,0.0
622,0.7400000000000005,0.0
623,0.7450000000000006,0.0
624,0.7500000000000006,0.0
625,0.7500000000000006,0.0
626,0.7600000000000006,0.0
627,0.7650000000000006,0.0
628,0.7650000000000006,0.0
629,0.7550000000000006,0.0
630,0.7650000000000006,0.0
631,0.7750000000000006,0.0
632,0.7650000000000006,0.01
633,0.7750000000000006,0.0
634,0.7650000000000006,0.01
635,0.7650000000000006,0.0
636,0.7750000000000006,-0.01
637,0.7850000000000006,0.0
638,0.7750000000000006,-0.01
639,0.7850000000000006,-0.02
640,0.7750000000000006,-0.03
641,0.7850000000000006,-0.04
642,0.7850000000000006,-0.05
643,0.7750000000000006,-0.060000000000000005
644,0.7850000000000006,-0.07
645,0.7850000000000006,-0.08
646,0.7750000000000006,-0.09
647,0.7850000000000006,-0.09999999999999999
648,0.7850000000000006,-0.10999999999999999
649,0.7850000000000006,-0.11999999999999998
650,0.7850000000000006,-0.12999999999999998
651,0.7850000000000006,-0.13999999999999999
652,0.7850000000000006,-0.15
653,0.7850000000000006,-0.16
654,0.7850000000000006,-0.17
655,0.7850000000000006,-0.18000000000000002
656,0.7850000000000006,-0.17
657,0.7850000000000006,-0.18000000000000002
658,0.7850000000000006,-0.19000000000000003
659,0.7850000000000006,-0.20000000000000004
660,0.7850000000000006,-0.21000000000000005
661,0.7850000000000006,-0.20000000000000004
662,0.7850000000000006,-0.21000000000000005
663,0.7850000000000006,-0.22000000000000006
664,0.7850000000000006,-0.21000000000000005
665,0.7850000000000006,-0.22000000000000006
666,0.7850000000000006,-0.23000000000000007
667,0.7850000000000006,-0.24000000000000007
668,0.7850000000000006,-0.23000000000000007
669,0.7850000000000006,-0.22000000000000006
670,0.7850000000000006,-0.21000000000000005
671,0.7850000000000006,-0.22000000000000006
672,0.7850000000000006,-0.23000000000000007
673,0.7850000000000006,-0.22000000000000006
674,0.7850000000000006,-0.21000000000000005
675,0.7850000000000006,-0.22000000000000006
676,0.7850000000000006,-0.23000000000000007
677,0.7850000000000006,-0.24000000000000007
678,0.7850000000000006,-0.25000000000000006
679,0.7850000000000006,-0.26000000000000006
680,0.7850000000000006,-0.2700000000000001
681,0.7850000000000006,-0.2800000000000001
682,0.7850000000000006,-0.2900000000000001
683,0.7850000000000006,-0.3000000000000001
684,0.7850000000000006,-0.3100000000000001
685,0.7850000000000006,-0.3200000000000001
686,0.7850000000000006,-0.3100000000000001
687,0.7850000000000006,-0.3000000000000001
688,0.7850000000000006,-0.2900000000000001
689,0.7850000000000006,-0.2800000000000001
690,0.7850000000000006,-0.2900000000000001
691,0.7850000000000006,-0.3000000000000001
692,0.7850000000000006,-0.3100000000000001
693,0.7850000000000006,-0.3200000000000001
694,0.7850000000000006,-0.3300000000000001
695,0.7850000000000006,-0.34000000000000014
696,0.7850000000000006,-0.35000000000000014
697,0.7850000000000006,-0.36000000000000015
698,0.7850000000000006,-0.37000000000000016
699,0.7850000000000006,-0.38000000000000017
700,0.7850000000000006,-0.3900000000000002
701,0.7850000000000006,-0.4000000000000002
702,0.7850000000000006,-0.4100000000000002
703,0.7850000000000006,-0.4200000000000002
704,0.7850000000000006,-0.4300000000000002
705,0.7850000000000006,-0.4400000000000002
706,0.7850000000000006,-0.45000000000000023
707,0.7850000000000006,-0.46000000000000024
708,0.7850000000000006,-0.47000000000000025
709,0.7850000000000006,-0.48000000000000026
710,0.7850000000000006,-0.49000000000000027
711,0.7850000000000006,-0.5000000000000002
712,0.7850000000000006,-0.5100000000000002
713,0.7850000000000006,-0.5200000000000002
714,0.7850000000000006,-0.5300000000000002
715,0.7850000000000006,-0.5400000000000003
716,0.7850000000000006,-0.5500000000000003
717,0.7850000000000006,-0.5600000000000003
718,0.7850000000000006,-0.5700000000000003
719,0.7850000000000006,-0.5600000000000003
720,0.7850000000000006,-0.5500000000000003
721,0.7850000000000006,-0.5400000000000003
722,0.7850000000000006,-0.5300000000000002
723,0.7850000000000006,-0.5200000000000002
724,0.7850000000000006,-0.5300000000000002
725,0.7850000000000006,-0.5400000000000003
726,0.7850000000000006,-0.5500000000000003
727,0.7850000000000006,-0.5600000000000003
728,0.7850000000000006,-0.5700000000000003
729,0.7850000000000006,-0.5800000000000003
730,0.7850000000000006,-0.5900000000000003
731,0.7950000000000006,-0.5800000000000003
732,0.7950000000000006,-0.5900000000000003
733,0.7950000000000006,-0.6000000000000003
734,0.7950000000000006,-0.6100000000000003
735,0.7950000000000006,-0.6200000000000003
736,0.7950000000000006,-0.6300000000000003
737,0.7950000000000006,-0.6400000000000003
738,0.7950000000000006,-0.6500000000000004
739,0.7950000000000006,-0.6600000000000004
740,0.7950000000000006,-0.6700000000000004
741,0.7950000000000006,-0.6739967811571074
742,0.7950000000000006,-0.6839967811571074
743,0.7950000000000006,-0.6739967811571074
744,0.7950000000000006,-0.6639967811571074
745,0.7950000000000006,-0.6539967811571074
746,0.7950000000000006,-0.6439967811571073
747,0.7950000000000006,-0.6339967811571073
748,0.7950000000000006,-0.6239967811571073
749,0.7950000000000006,-0.6139967811571073
750,0.7950000000000006,-0.6039967811571073
751,0.8050000000000006,-0.5939967811571073
752,0.8050000000000006,-0.6039967811571073
753,0.8050000000000006,-0.6139967811571073
754,0.8050000000000006,-0.6239967811571073
755,0.8050000000000006,-0.6339967811571073
756,0.8050000000000006,-0.6439967811571073
757,0.8050000000000006,-0.6339967811571073
758,0.8050000000000006,-0.6239967811571073
759,0.8050000000000006,-0.6339967811571073
760,0.8050000000000006,-0.6239967811571073
761,0.8050000000000006,-0.6139967811571073
762,0.8050000000000006,-0.6039967811571073
763,0.8050000000000006,-0.5939967811571073
764,0.8050000000000006,-0.5839967811571073
765,0.8050000000000006,-0.5739967811571073
766,0.8050000000000006,-0.5639967811571073
767,0.8050000000000006,-0.5539967811571073
768,0.8050000000000006,-0.5439967811571073
769,0.8150000000000006,-0.5339967811571072
770,0.8150000000000006,-0.5439967811571073
771,0.8150000000000006,-0.5539967811571073
772,0.8150000000000006,-0.5639967811571073
773,0.8150000000000006,-0.5739967811571073
774,0.8150000000000006,-0.5839967811571073
775,0.8150000000000006,-0.5939967811571073
776,0.8150000000000006,-0.5839967811571073
777,0.8150000000000006,-0.5739967811571073
778,0.8150000000000006,-0.5639967811571073
779,0.8150000000000006,-0.5539967811571073
780,0.8150000000000006,-0.5639967811571073
781,0.8150000000000006,-0.5739967811571073
782,0.8150000000000006,-0.5839967811571073
783,0.8150000000000006,-0.5939967811571073
784,0.8250000000000006,-0.5839967811571073
785,0.8350000000000006,-0.5739967811571073
786,0.8250000000000006,-0.5839967811571073
787,0.8350000000000006,-0.5939967811571073
788,0.8350000000000006,-0.6039967811571073
789,0.8350000000000006,-0.6139967811571073
790,0.8350000000000006,-0.6239967811571073
791,0.8350000000000006,-0.6339967811571073
792,0.8350000000000006,-0.6439967811571073
793,0.8350000000000006,-0.6339967811571073
794,0.8350000000000006,-0.6239967811571073
795,0.8350000000000006,-0.6139967811571073
796,0.8350000000000006,-0.6039967811571073
797,0.8350000000000006,-0.6139967811571073
798,0.8350000000000006,-0.6223587815515579
799,0.8350000000000006,-0.6223587815515579
800,0.8350000000000006,-0.6223587815515579
801,0.8350000000000006,-0.6223587815515579
802,0.8450000000000006,-0.6123587815515579
803,0.8550000000000006,-0.6023587815515579
804,0.8650000000000007,-0.5923587815515579
805,0.8750000000000007,-0.5823587815515578
806,0.8650000000000007,-0.5923587815515579
807,0.8650000000000007,-0.6023587815515579
808,0.8650000000000007,-0.6123587815515579
809,0.8650000000000007,-0.6223587815515579
810,0.8650000000000007,-0.6323587815515579
811,0.8650000000000007,-0.6423587815515579
812,0.8650000000000007,-0.6523587815515579
813,0.8650000000000007,-0.6623587815515579
814,0.8650000000000007,-0.6523587815515579
815,0.8650000000000007,-0.6423587815515579
816,0.8650000000000007,-0.6323587815515579
817,0.8650000000000007,-0.6223587815515579
818,0.8650000000000007,-0.6123587815515579
819,0.8750000000000007,-0.6023587815515579
820,0.8850000000000007,-0.5923587815515579
821,0.8950000000000007,-0.5823587815515578
822,0.9050000000000007,-0.5723587815515578
823,0.8950000000000007,-0.5823587815515578
824,0.9050000000000007,-0.5923587815515579
825,0.9050000000000007,-0.6023587815515579
826,0.8950000000000007,-0.6123587815515579
827,0.8950000000000007,-0.6223587815515579
828,0.8950000000000007,-0.6323587815515579
829,0.8950000000000007,-0.6423587815515579
830,0.8950000000000007,-0.6523587815515579
831,0.8950000000000007,-0.6623587815515579
832,0.8950000000000007,-0.6723587815515579
833,0.9050000000000007,-0.6623587815515579
834,0.9150000000000007,-0.6523587815515579
835,0.9250000000000007,-0.6423587815515579
836,0.9350000000000007,-0.6323587815515579
837,0.9250000000000007,-0.6423587815515579
838,0.9350000000000007,-0.6323587815515579
839,0.9350000000000007,-0.6423587815515579
840,0.9350000000000007,-0.6323587815515579
841,0.9350000000000007,-0.6423587815515579
842,0.9350000000000007,-0.6523587815515579
843,0.9350000000000007,-0.6623587815515579
844,0.9350000000000007,-0.6723587815515579
845,0.9450000000000007,-0.6623587815515579
846,0.9550000000000007,-0.6523587815515579
847,0.9550000000000007,-0.6623587815515579
848,0.9550000000000007,-0.6723587815515579
849,0.9650000000000007,-0.6623587815515579
850,0.9550000000000007,-0.6723587815515579
851,0.9550000000000007,-0.6623587815515579
852,0.9550000000000007,-0.6523587815515579
853,0.9550000000000007,-0.6623587815515579
854,0.9550000000000007,-0.6723587815515579
855,0.9550000000000007,-0.6823587815515579
856,0.9650000000000007,-0.6723587815515579
857,0.9750000000000008,-0.6623587815515579
858,0.9650000000000007,-0.6723587815515579
859,0.9650000000000007,-0.6823587815515579
860,0.9750000000000008,-0.692358781551558
861,0.9650000000000007,-0.702358781551558
862,0.9650000000000007,-0.712358781551558
863,0.9650000000000007,-0.722358781551558
864,0.9650000000000007,-0.732358781551558
865,0.9650000000000007,-0.742358781551558
866,0.9650000000000007,-0.752358781551558
867,0.9650000000000007,-0.762358781551558
868,0.9650000000000007,-0.772358781551558
869,0.9650000000000007,-0.782358781551558
870,0.9650000000000007,-0.792358781551558
871,0.9750000000000008,-0.782358781551558
872,0.9650000000000007,-0.792358781551558
873,0.9750000000000008,-0.782358781551558
874,0.9850000000000008,-0.772358781551558
875,0.9950000000000008,-0.762358781551558
876,1.0050000000000008,-0.752358781551558
877,0.9950000000000008,-0.762358781551558
878,1.0050000000000008,-0.752358781551558
879,1.0050000000000008,-0.762358781551558
880,1.0050000000000008,-0.752358781551558
881,1.0100000000000007,-0.742358781551558
882,1.0100000000000007,-0.732358781551558
883,1.0100000000000007,-0.722358781551558
884,1.0100000000000007,-0.712358781551558
885,1.0100000000000007,-0.702358781551558
886,1.0100000000000007,-0.692358781551558
887,1.0100000000000007,-0.6823587815515579
888,1.0100000000000007,-0.6723587815515579
889,1.0100000000000007,-0.6623587815515579
890,1.0100000000000007,-0.6523587815515579
891,1.0100000000000007,-0.6423587815515579
892,1.0100000000000007,-0.6323587815515579
893,1.0100000000000007,-0.6223587815515579
894,1.0100000000000007,-0.6123587815515579
895,1.0100000000000007,-0.6023587815515579
896,1.0100000000000007,-0.5923587815515579
897,1.0100000000000007,-0.6023587815515579
898,1.0100000000000007,-0.5923587815515579
899,1.0100000000000007,-0.5823587815515578
900,1.0100000000000007,-0.5723587815515578
901,1.0100000000000007,-0.5623587815515578
902,1.0100000000000007,-0.5523587815515578
903,1.0100000000000007,-0.5423587815515578
904,1.0100000000000007,-0.5323587815515578
905,1.0100000000000007,-0.5223587815515578
906,1.0100000000000007,-0.5123587815515578
907,1.0100000000000007,-0.5023587815515578
908,1.0100000000000007,-0.49235878155155777
909,1.0100000000000007,-0.48235878155155776
910,1.0100000000000007,-0.47235878155155775
911,1.0100000000000007,-0.46235878155155774
912,1.0100000000000007,-0.45235878155155773
913,1.0100000000000007,-0.4423587815515577
914,1.0100000000000007,-0.4323587815515577
915,1.0100000000000007,-0.4223587815515577
916,1.0100000000000007,-0.4123587815515577
917,1.0100000000000007,-0.4023587815515577
918,1.0100000000000007,-0.3923587815515577
919,1.0100000000000007,-0.38235878155155767
920,1.0100000000000007,-0.37235878155155766
921,1.0100000000000007,-0.36235878155155765
922,1.0100000000000007,-0.35235878155155764
923,1.0100000000000007,-0.34235878155155763
924,1.0100000000000007,-0.3323587815515576
925,1.0100000000000007,-0.3223587815515576
926,1.0100000000000007,-0.3123587815515576
927,1.0100000000000007,-0.3023587815515576
928,1.0100000000000007,-0.2923587815515576
929,1.0100000000000007,-0.2823587815515576
930,1.0100000000000007,-0.27235878155155757
931,1.0100000000000007,-0.26235878155155756
932,1.0100000000000007,-0.25235878155155755
933,1.0100000000000007,-0.24235878155155754
934,1.0100000000000007,-0.23235878155155754
935,1.0100000000000007,-0.22235878155155753
936,1.0100000000000007,-0.21235878155155752
937,1.0100000000000007,-0.2023587815515575
938,1.0100000000000007,-0.1923587815515575
939,1.0100000000000007,-0.1823587815515575
940,1.0100000000000007,-0.17235878155155748
941,1.0100000000000007,-0.16235878155155747
942,1.0100000000000007,-0.17235878155155748
943,1.0100000000000007,-0.16235878155155747
944,1.0100000000000007,-0.15235878155155747
945,1.0100000000000007,-0.14235878155155746
946,1.0100000000000007,-0.13235878155155745
947,1.0100000000000007,-0.12235878155155745
948,1.0100000000000007,-0.11235878155155746
949,1.0100000000000007,-0.10235878155155746
950,1.0100000000000007,-0.09235878155155747
951,1.0100000000000007,-0.08235878155155747
952,1.0100000000000007,-0.07235878155155748
953,1.0100000000000007,-0.062358781551557475
954,1.0100000000000007,-0.05235878155155747
955,1.0100000000000007,-0.04235878155155747
956,1.0100000000000007,-0.03235878155155747
957,1.0100000000000007,-0.022358781551557468
958,1.0100000000000007,-0.012358781551557467
959,1.0100000000000007,-0.002358781551557467
960,1.0100000000000007,0.007641218448442533
961,1.0100000000000007,0.017641218448442533
962,1.0100000000000007,0.027641218448442535
963,1.0100000000000007,0.03764121844844254
964,1.0100000000000007,0.04764121844844254
965,1.0100000000000007,0.05764121844844254
966,1.0100000000000007,0.06764121844844254
967,1.0100000000000007,0.07764121844844253
968,1.0100000000000007,0.08764121844844253
969,1.0100000000000007,0.09764121844844252
970,1.0100000000000007,0.10764121844844252
971,1.0100000000000007,0.11764121844844251
972,1.0100000000000007,0.1276412184484425
973,1.0100000000000007,0.13764121844844251
974,1.0100000000000007,0.14764121844844252
975,1.0100000000000007,0.15764121844844253
976,1.0100000000000007,0.16764121844844254
977,1.0100000000000007,0.17764121844844255
978,1.0100000000000007,0.18764121844844256
979,1.0100000000000007,0.19764121844844257
980,1.0100000000000007,0.20764121844844258
981,1.0100000000000007,0.21764121844844259
982,1.0100000000000007,0.2276412184484426
983,1.0100000000000007,0.2376412184484426
984,1.0100000000000007,0.2476412184484426
985,1.0100000000000007,0.2576412184484426
986,1.0100000000000007,0.26764121844844263
987,1.0100000000000007,0.27764121844844264
988,1.0100000000000007,0.26764121844844263
989,1.0100000000000007,0.2576412184484426
990,1.0100000000000007,0.2476412184484426
991,1.0100000000000007,0.2376412184484426
992,1.0100000000000007,0.2276412184484426
993,1.0100000000000007,0.2376412184484426
994,1.0100000000000007,0.2476412184484426
995,1.0100000000000007,0.2576412184484426
996,1.0100000000000007,0.26764121844844263
997,1.0100000000000007,0.2576412184484426
998,1.0100000000000007,0.26764121844844263
999,1.0100000000000007,0.2576412184484426
1000,1.0100000000000007,0.2476412184484426
1001,1.0100000000000007,0.2376412184484426
1002,1.0100000000000007,0.2476412184484426
1003,1.0100000000000007,0.2376412184484426
1004,1.0100000000000007,0.2276412184484426
1005,1.0100000000000007,0.21764121844844259
1006,1.0100000000000007,0.20764121844844258
1007,1.0100000000000007,0.19764121844844257
1008,1.0100000000000007,0.18764121844844256
1009,1.0100000000000007,0.19764121844844257
1010,1.0100000000000007,0.20764121844844258
1011,1.0100000000000007,0.21764121844844259
1012,1.0100000000000007,0.20764121844844258
1013,1.0100000000000007,0.19764121844844257
1014,1.0100000000000007,0.18764121844844256
1015,1.0100000000000007,0.17764121844844255
1016,1.0100000000000007,0.16764121844844254
1017,1.0100000000000007,0.15764121844844253
1018,1.0100000000000007,0.14764121844844252
1019,1.0100000000000007,0.13764121844844251
1020,1.0100000000000007,0.1276412184484425
1021,1.0100000000000007,0.11764121844844251
1022,1.0100000000000007,0.1276412184484425
1023,1.0100000000000007,0.13764121844844251
1024,1.0100000000000007,0.14764121844844252
1025,1.0100000000000007,0.13764121844844251
1026,1.0100000000000007,0.1276412184484425
1027,1.0100000000000007,0.11764121844844251
1028,1.0100000000000007,0.10764121844844252
1029,1.0100000000000007,0.09764121844844252
1030,1.0100000000000007,0.08764121844844253
1031,1.0100000000000007,0.07764121844844253
1032,1.0100000000000007,0.06764121844844254
1033,1.0100000000000007,0.057641218448442534
1034,1.0100000000000007,0.04764121844844253
1035,1.0100000000000007,0.03764121844844253
1036,1.0100000000000007,0.02764121844844253
1037,1.0100000000000007,0.017641218448442526
1038,1.0100000000000007,0.007641218448442526
1039,1.0100000000000007,-0.002358781551557474
1040,1.0100000000000007,-0.012358781551557474
1041,1.0100000000000007,-0.022358781551557474
1042,1.0100000000000007,-0.032358781551557476
1043,1.0100000000000007,-0.04084170532568203
1044,1.0100000000000007,-0.04084170532568203
1045,1.0100000000000007,-0.03666336187016779
1046,1.0100000000000007,-0.03666336187016779
1047,1.0100000000000007,-0.04521312001910168
1048,1.0100000000000007,-0.04521312001910168
1049,1.0100000000000007,-0.0454160720327873
1050,1.0100000000000007,-0.0454160720327873
1051,1.0100000000000007,-0.0454160720327873
1052,1.0100000000000007,-0.0454160720327873
1053,1.0100000000000007,-0.0454160720327873
1054,1.0100000000000007,-0.04265251080426169
1055,1.0100000000000007,-0.04883069489358506
1056,1.0100000000000007,-0.04883069489358506
1057,1.0100000000000007,-0.04078553315883383
1058,1.0100000000000007,-0.04078553315883383
1059,1.0100000000000007,-0.05078553315883383
1060,1.0100000000000007,-0.06078553315883383
1061,1.0100000000000007,-0.06965430983756157
1062,1.0100000000000007,-0.06965430983756157
1063,1.0100000000000007,-0.06965430983756157
1064,1.0100000000000007,-0.06965430983756157
1065,1.0100000000000007,-0.05965430983756157
1066,1.0100000000000007,-0.06965430983756157
1067,1.0100000000000007,-0.07651153875621029
1068,1.0100000000000007,-0.07651153875621029
1069,1.0100000000000007,-0.07651153875621029
1070,1.0100000000000007,-0.07651153875621029
1071,1.0100000000000007,-0.0665115387562103
1072,1.0100000000000007,-0.07502846341158718
1073,1.0100000000000007,-0.06512611074323524
1074,1.0100000000000007,-0.055126110743235236
1075,1.0100000000000007,-0.05094605486913613
1076,1.0100000000000007,-0.06094605486913613
1077,1.0100000000000007,-0.07094605486913613
1078,1.0100000000000007,-0.08094605486913613
1079,1.0100000000000007,-0.09094605486913612
1080,1.0100000000000007,-0.10094605486913612
1081,1.0100000000000007,-0.11094605486913611
1082,1.0100000000000007,-0.10094605486913612
1083,1.0100000000000007,-0.09094605486913612
1084,1.0100000000000007,-0.08094605486913613
1085,1.0100000000000007,-0.07094605486913613
1086,1.0100000000000007,-0.06094605486913613
1087,1.0100000000000007,-0.05094605486913613
1088,1.0100000000000007,-0.04094605486913613
1089,1.0100000000000007,-0.034664541952362446
1090,1.0100000000000007,-0.034664541952362446
1091,1.0100000000000007,-0.03264314497740063
1092,1.0100000000000007,-0.03653843774938079
1093,1.0100000000000007,-0.03653843774938079
1094,1.0100000000000007,-0.03653843774938079
1095,1.0100000000000007,-0.0358473947275999
1096,1.0100000000000007,-0.0358473947275999
1097,1.0100000000000007,-0.0358473947275999
1098,1.0100000000000007,-0.03601631672467075
1099,1.0100000000000007,-0.03680929597983326
1100,1.0100000000000007,-0.03680929597983326
1101,1.0100000000000007,-0.03680929597983326
1102,1.0100000000000007,-0.03714673061106933
1103,1.0100000000000007,-0.03714673061106933
1104,1.0100000000000007,-0.03714673061106933
1105,1.0100000000000007,-0.03776014316466807
1106,1.0100000000000007,-0.03776014316466807
1107,1.0100000000000007,-0.03776014316466807
1108,1.0100000000000007,-0.03719759676148951
1109,1.0100000000000007,-0.036964072205883845
1110,1.0100000000000007,-0.036964072205883845
1111,1.0100000000000007,-0.03658088601589201
1112,1.0100000000000007,-0.03658088601589201
1113,1.0100000000000007,-0.03658088601589201
1114,1.0100000000000007,-0.04473222591781193
1115,1.0100000000000007,-0.04473222591781193
1116,1.0100000000000007,-0.03615729965676119
1117,1.0100000000000007,-0.03615729965676119
1118,1.0100000000000007,-0.03615729965676119
1119,1.0100000000000007,-0.03447559883368018
1120,1.0100000000000007,-0.03447559883368018
1121,1.0100000000000007,-0.03751815478307351
1122,1.0100000000000007,-0.03751815478307351
1123,1.0100000000000007,-0.03751815478307351
1124,1.0100000000000007,-0.03751815478307351
1125,1.0100000000000007,-0.04751815478307351
1126,1.0100000000000007,-0.05196846475627802
1127,1.0100000000000007,-0.051641791844048573
1128,1.0100000000000007,-0.051641791844048573
1129,1.0100000000000007,-0.051641791844048573
1130,1.0100000000000007,-0.051641791844048573
1131,1.0100000000000007,-0.051641791844048573
1132,1.0100000000000007,-0.04480700777661173
1133,1.0100000000000007,-0.04480700777661173
1134,1.0100000000000007,-0.036257620859746376
1135,1.0100000000000007,-0.036257620859746376
1136,1.0100000000000007,-0.033328677702494265
1137,1.0100000000000007,-0.033328677702494265
1138,1.0100000000000007,-0.033328677702494265
1139,1.0100000000000007,-0.03274484201134266
1140,1.0100000000000007,-0.03274484201134266
1141,1.0100000000000007,-0.03274484201134266
1142,1.0100000000000007,-0.03274484201134266
1143,1.0100000000000007,-0.0322093274009005
1144,1.0100000000000007,-0.033049880493703714
1145,1.0100000000000007,-0.033049880493703714
1146,1.0100000000000007,-0.03324746509356623
1147,1.0100000000000007,-0.03324746509356623
1148,1.0100000000000007,-0.032592294017752946
1149,1.0100000000000007,-0.032592294017752946
1150,1.0100000000000007,-0.032592294017752946
1151,1.0100000000000007,-0.032592294017752946
1152,1.0100000000000007,-0.03290736479125752
1153,1.0100000000000007,-0.035252685290350465
1154,1.0100000000000007,-0.035252685290350465
1155,1.0100000000000007,-0.035252685290350465
1156,1.0100000000000007,-0.033982126750955875
1157,1.0100000000000007,-0.033982126750955875
1158,1.0100000000000007,-0.035851934233116306
1159,1.0100000000000007,-0.035851934233116306
1160,1.0100000000000007,-0.035851934233116306
1161,1.0100000000000007,-0.035851934233116306
1162,1.0100000000000007,-0.04225510599074664
1163,1.0100000000000007,-0.03815330204449814
1164,1.0100000000000007,-0.03815330204449814
1165,1.0100000000000007,-0.03815330204449814
1166,1.0100000000000007,-0.03815330204449814
1167,1.0100000000000007,-0.034794592507643725
1168,1.0100000000000007,-0.034794592507643725
1169,1.0100000000000007,-0.030863360622522495
1170,1.0100000000000007,-0.030863360622522495
1171,1.0100000000000007,-0.030863360622522495
1172,1.0100000000000007,-0.0304736392914244
1173,1.0100000000000007,-0.0304736392914244
1174,1.0100000000000007,-0.02998031247581172
1175,1.0100000000000007,-0.02998031247581172
1176,1.0100000000000007,-0.03073078066140355
1177,1.0100000000000007,-0.03073078066140355
1178,1.0100000000000007,-0.03073078066140355
1179,1.0100000000000007,-0.032231999793270676
1180,1.0100000000000007,-0.032231999793270676
1181,1.0100000000000007,-0.032231999793270676
1182,1.0100000000000007,-0.032231999793270676
1183,1.0100000000000007,-0.029888354109535522
1184,1.0100000000000007,-0.030482240669292855
1185,1.0100000000000007,-0.030482240669292855
1186,1.0100000000000007,-0.030382382409386895
1187,1.0100000000000007,-0.030382382409386895
1188,1.0100000000000007,-0.030382382409386895
1189,1.0100000000000007,-0.030382382409386895
1190,1.0100000000000007,-0.03229247500172718
1191,1.0100000000000007,-0.03254412915539753
1192,1.0100000000000007,-0.03254412915539753
1193,1.0100000000000007,-0.031639875024059516
1194,1.0100000000000007,-0.031639875024059516
1195,1.0100000000000007,-0.031639875024059516
1196,1.0100000000000007,-0.03110237589737723
1197,1.0100000000000007,-0.03110237589737723
1198,1.0100000000000007,-0.03110237589737723
1199,1.0100000000000007,-0.04110237589737723
1200,1.0100000000000007,-0.04710703824755817
1201,1.0100000000000007,-0.03710703824755817
1202,1.0100000000000007,-0.029239589089547303
1203,1.0100000000000007,-0.029239589089547303
1204,1.0100000000000007,-0.02925784330954896
1205,1.0100000000000007,-0.02925784330954896
1206,1.0100000000000007,-0.02925784330954896
1207,1.0100000000000007,-0.03002803076695482
1208,1.0000000000000007,-0.029654089943939123
1209,0.9900000000000007,-0.029654089943939123
1210,0.9800000000000006,-0.029654089943939123
1211,0.9900000000000007,-0.031928910199684475
1212,0.9900000000000007,-0.031928910199684475
1213,0.9900000000000007,-0.031928910199684475
1214,0.9900000000000007,-0.030019126456083862
1215,0.9900000000000007,-0.030019126456083862
1216,0.9900000000000007,-0.030019126456083862
1217,0.9900000000000007,-0.030747520974491738
1218,0.9900000000000007,-0.030747520974491738
1219,0.9900000000000007,-0.030747520974491738
1220,0.9818713332591548,-0.030123015630885625
1221,0.9900000000000007,-0.030814364456703405
1222,0.9900000000000007,-0.030814364456703405
1223,0.9900000000000007,-0.027209755236508617
1224,0.9900000000000007,-0.027209755236508617
1225,0.9900000000000007,-0.027209755236508617
1226,0.9900000000000007,-0.027209755236508617
1227,0.9900000000000007,-0.027209755236508617
1228,0.9800000000000006,-0.030074818781842066
1229,0.9700000000000006,-0.030074818781842066
1230,0.9600000000000006,-0.0300570418844231
1231,0.9500000000000006,-0.0300570418844231
1232,0.9400000000000006,-0.0300570418844231
1233,0.9300000000000006,-0.029854764202287547
1234,0.9200000000000006,-0.029854764202287547
1235,0.9100000000000006,-0.029854764202287547
1236,0.9000000000000006,-0.029854764202287547
1237,0.8900000000000006,-0.029667677487411087
1238,0.8800000000000006,-0.029909426487949673
1239,0.8700000000000006,-0.029909426487949673
1240,0.8600000000000005,-0.030048790064318674
1241,0.8500000000000005,-0.030048790064318674
1242,0.8400000000000005,-0.030048790064318674
1243,0.8300000000000005,-0.030085174725393824
1244,0.8200000000000005,-0.030085174725393824
1245,0.8100000000000005,-0.030085174725393824
1246,0.8000000000000005,-0.030085174725393824
1247,0.7900000000000005,-0.030101370465415056
1248,0.7800000000000005,-0.030075075278047987
1249,0.7700000000000005,-0.030075075278047987
1250,0.7600000000000005,-0.030075075278047987
1251,0.7500000000000004,-0.030075075278047987
1252,0.7400000000000004,-0.030022709751865308
1253,0.7300000000000004,-0.030022709751865308
1254,0.7200000000000004,-0.030022709751865308
1255,0.7100000000000004,-0.029981087735454385
1256,0.7000000000000004,-0.029979566679123517
1257,0.6900000000000004,-0.029979566679123517
1258,0.6800000000000004,-0.029979566679123517
1259,0.6700000000000004,-0.02998359715623972
1260,0.6600000000000004,-0.02998359715623972
1261,0.6500000000000004,-0.03003385668033716
1262,0.6400000000000003,-0.03003385668033716
1263,0.6300000000000003,-0.030075629277813837
1264,0.6200000000000003,-0.030075629277813837
1265,0.6100000000000003,-0.030075629277813837
1266,0.6000000000000003,-0.0300435877731219
1267,0.5900000000000003,-0.0300435877731219
1268,0.5800000000000003,-0.02989024043728358
1269,0.5700000000000003,-0.02989024043728358
1270,0.5600000000000003,-0.02989024043728358
1271,0.5500000000000003,-0.029572028644675737
1272,0.5400000000000003,-0.029572028644675737
1273,0.5300000000000002,-0.029816469563522283
1274,0.5200000000000002,-0.029816469563522283
1275,0.5100000000000002,-0.029816469563522283
1276,0.5000000000000002,-0.029963549649803172
1277,0.4900000000000002,-0.029963549649803172
1278,0.4800000000000002,-0.029862579298154567
1279,0.4700000000000002,-0.029961209283119
1280,0.4600000000000002,-0.029961209283119
1281,0.4500000000000002,-0.029961209283119
1282,0.44000000000000017,-0.030052609084173197
1283,0.43000000000000016,-0.030052609084173197
1284,0.42000000000000015,-0.03008908093377122
1285,0.41000000000000014,-0.03008908093377122
1286,0.40000000000000013,-0.03008908093377122
1287,0.3900000000000001,-0.02997378339559344
1288,0.3800000000000001,-0.02997378339559344
1289,0.3700000000000001,-0.03170822117256863
1290,0.3600000000000001,-0.03170822117256863
1291,0.3500000000000001,-0.032261696977414676
1292,0.3400000000000001,-0.032261696977414676
1293,0.33000000000000007,-0.03025362715629663
1294,0.32000000000000006,-0.03025362715629663
1295,0.31000000000000005,-0.03025362715629663
1296,0.30000000000000004,-0.03025362715629663
1297,0.29000000000000004,-0.03025362715629663
1298,0.28,-0.030317783524137266
1299,0.27,-0.030317783524137266
1300,0.26,-0.029778759235601242
1301,0.25,-0.03023952323729256
1302,0.24,-0.03023952323729256
1303,0.22999999999999998,-0.03023952323729256
1304,0.21999999999999997,-0.030545662656675566
1305,0.20999999999999996,-0.030545662656675566
1306,0.19999999999999996,-0.030545662656675566
1307,0.18999999999999995,-0.030545662656675566
1308,0.17999999999999994,-0.03304830019012408
1309,0.16999999999999993,-0.03304830019012408
1310,0.15999999999999992,-0.031420541510724674
1311,0.1499999999999999,-0.031420541510724674
1312,0.1399999999999999,-0.030461105430640262
1313,0.1299999999999999,-0.030461105430640262
1314,0.1199999999999999,-0.030461105430640262
1315,0.1099999999999999,-0.03061272035604242
1316,0.09999999999999991,-0.03061272035604242
1317,0.08999999999999991,-0.0307671435525291
1318,0.07999999999999992,-0.0307671435525291
1319,0.06999999999999992,-0.0307671435525291
1320,0.05999999999999992,-0.031535279828709906
1321,0.04999999999999992,-0.029935566835277462
1322,0.03999999999999992,-0.029935566835277462
1323,0.029999999999999916,-0.029935566835277462
1324,0.019999999999999914,-0.03023452759836936
1325,0.009999999999999913,-0.03023452759836936
1326,0.019999999999999914,-0.020234527598369363
1327,0.029999999999999916,-0.010234527598369363
1328,0.019999999999999914,-0.020234527598369363
1329,0.019999999999999914,-0.030234527598369365
1330,0.009999999999999913,-0.030240136348909295
1331,-8.673617379884035e-17,-0.03045796146636227
1332,0.009999999999999913,-0.020457961466362272
1333,-8.673617379884035e-17,-0.030457961466362274
1334,-0.010000000000000087,-0.031164688421953895
1335,-8.673617379884035e-17,-0.04116468842195389
1336,-7.59010497980202e-05,-0.051164688421953895
1337,-0.010000000000000087,-0.0611646884219539
1338,-0.020000000000000087,-0.051164688421953895
1339,-0.010000000000000087,-0.0611646884219539
1340,-0.020000000000000087,-0.051164688421953895
1341,-0.03000000000000009,-0.04116468842195389
1342,-0.04000000000000009,-0.03116468842195389
1343,-0.03000000000000009,-0.04116468842195389
1344,-0.04000000000000009,-0.03116468842195389
1345,-0.04000000000000009,-0.04116468842195389
1346,-0.05000000000000009,-0.03116468842195389
1347,-0.04000000000000009,-0.04116468842195389
1348,-0.05000000000000009,-0.03116468842195389
1349,-0.05000000000000009,-0.02116468842195389
1350,-0.060000000000000095,-0.03006269616663577
1351,-0.07000000000000009,-0.030187507181866004
1352,-0.08000000000000008,-0.03019044926037236
1353,-0.09000000000000008,-0.030286967673855865
1354,-0.08000000000000008,-0.020286967673855863
1355,-0.08000000000000008,-0.030286967673855865
1356,-0.09000000000000008,-0.04028696767385587
1357,-0.08000000000000008,-0.05028696767385587
1358,-0.09000000000000008,-0.04028696767385587
1359,-0.10000000000000007,-0.030338112453296276
1360,-0.09000000000000008,-0.020338112453296274
1361,-0.09000000000000008,-0.030338112453296276
1362,-0.10000000000000007,-0.031004717119265796
1363,-0.11000000000000007,-0.030852786057500976
1364,-0.10000000000000007,-0.04085278605750098
1365,-0.11000000000000007,-0.030852786057500976
1366,-0.10000000000000007,-0.04085278605750098
1367,-0.10000000000000007,-0.05085278605750098
1368,-0.11000000000000007,-0.04085278605750098
1369,-0.12000000000000006,-0.030852786057500976
1370,-0.13000000000000006,-0.029754175714488885
1371,-0.12000000000000006,-0.03975417571448889
1372,-0.13000000000000006,-0.03288318576970622
1373,-0.13000000000000006,-0.04288318576970622
1374,-0.14000000000000007,-0.03288318576970622
1375,-0.15000000000000008,-0.03104608043168624
1376,-0.1600000000000001,-0.031048129687846007
1377,-0.1700000000000001,-0.03051603103402634
1378,-0.1800000000000001,-0.03051485108362787
1379,-0.1900000000000001,-0.03245683124669843
1380,-0.20000000000000012,-0.03132444975195327
1381,-0.21000000000000013,-0.030433257015289723
1382,-0.22000000000000014,-0.031236491751351278
1383,-0.23000000000000015,-0.03021217225276153
1384,-0.24000000000000016,-0.030121575965334674
1385,-0.25000000000000017,-0.03027551104419808
1386,-0.2600000000000002,-0.030131768447625818
1387,-0.2700000000000002,-0.030029804247833733
1388,-0.2800000000000002,-0.030762816391651557
1389,-0.2900000000000002,-0.030601487074310648
1390,-0.3000000000000002,-0.030857036428013688
1391,-0.3100000000000002,-0.03263546710969766
1392,-0.32000000000000023,-0.03129269864337178
1393,-0.33000000000000024,-0.030660613020627888
1394,-0.34000000000000025,-0.030660613020627888
1395,-0.35000000000000026,-0.0315340979312148
1396,-0.36000000000000026,-0.0320215845372023
1397,-0.3700000000000003,-0.03233502689905187
1398,-0.3800000000000003,-0.033759809144005976
1399,-0.3900000000000003,-0.03158436717637279
1400,-0.3800000000000003,-0.02158436717637279
1401,-0.3900000000000003,-0.03036265931449457
1402,-0.4000000000000003,-0.030450805719005814
1403,-0.4100000000000003,-0.031042401831162927
1404,-0.4200000000000003,-0.02968619613676395
1405,-0.4300000000000003,-0.029756803865994115
1406,-0.44000000000000034,-0.029776512817222947
1407,-0.45000000000000034,-0.029716638341367525
1408,-0.46000000000000035,-0.027472537898363954
1409,-0.47000000000000036,-0.030060115142548575
1410,-0.48000000000000037,-0.03002725400183753
1411,-0.4900000000000004,-0.030088992942284298
1412,-0.5000000000000003,-0.029333563829713135
1413,-0.5100000000000003,-0.029896969411436262
1414,-0.5200000000000004,-0.02993618803366953
1415,-0.5300000000000004,-0.029998587034067364
1416,-0.5400000000000004,-0.029943345159557717
1417,-0.5500000000000004,-0.02997822897264473
1418,-0.5600000000000004,-0.030161069275957297
1419,-0.5700000000000004,-0.030123170058857136
1420,-0.5800000000000004,-0.030123170058857136
1421,-0.5900000000000004,-0.0317030060997284
1422,-0.6000000000000004,-0.0317030060997284
1423,-0.6100000000000004,-0.0317030060997284
1424,-0.6200000000000004,-0.030326753391840686
1425,-0.6300000000000004,-0.030326753391840686
1426,-0.6400000000000005,-0.030174207920331226
1427,-0.6500000000000005,-0.030174207920331226
1428,-0.6600000000000005,-0.030174207920331226
1429,-0.6700000000000005,-0.030146454798648914
1430,-0.6800000000000005,-0.030146454798648914
1431,-0.6900000000000005,-0.030188756714885388
1432,-0.7000000000000005,-0.030175672896635645
1433,-0.7100000000000005,-0.030175672896635645
1434,-0.7200000000000005,-0.030144552564862134
1435,-0.7300000000000005,-0.030144552564862134
1436,-0.7400000000000005,-0.030144552564862134
1437,-0.7500000000000006,-0.030144552564862134
1438,-0.7600000000000006,-0.0300345711202277
1439,-0.7700000000000006,-0.0300345711202277
1440,-0.7800000000000006,-0.03001526502549521
1441,-0.7900000000000006,-0.03001526502549521
1442,-0.8000000000000006,-0.029925213838672717
1443,-0.8100000000000006,-0.029925213838672717
1444,-0.8200000000000006,-0.029927201240482013
1445,-0.8300000000000006,-0.029927201240482013
1446,-0.8400000000000006,-0.029927201240482013
1447,-0.8500000000000006,-0.029944478307370518
1448,-0.8600000000000007,-0.029944478307370518
1449,-0.8700000000000007,-0.029944478307370518
1450,-0.8800000000000007,-0.02992738961400596
1451,-0.8900000000000007,-0.029962731257868365
1452,-0.9000000000000007,-0.029962731257868365
1453,-0.9100000000000007,-0.030035066770267745
1454,-0.9200000000000007,-0.030035066770267745
1455,-0.9300000000000007,-0.030035066770267745
1456,-0.9400000000000007,-0.030035066770267745
1457,-0.9500000000000007,-0.0303321819625815
1458,-0.9600000000000007,-0.0303321819625815
1459,-0.9700000000000008,-0.0303321819625815
1460,-0.9800000000000008,-0.030328377853358162
1461,-0.9900000000000008,-0.030217322924744897
1462,-1.0000000000000007,-0.030217322924744897
1463,-1.0100000000000007,-0.030217322924744897
1464,-1.0200000000000007,-0.030217322924744897
1465,-1.0300000000000007,-0.030085179752250273
1466,-1.0400000000000007,-0.030085179752250273
1467,-1.0500000000000007,-0.030177308844710593
1468,-1.0600000000000007,-0.030177308844710593
1469,-1.0700000000000007,-0.031660007579373574
1470,-1.0800000000000007,-0.031660007579373574
1471,-1.0900000000000007,-0.031660007579373574
1472,-1.1000000000000008,-0.030623614925252347
1473,-1.1100000000000008,-0.030623614925252347
1474,-1.1200000000000008,-0.029874526131693033
1475,-1.1300000000000008,-0.029874526131693033
1476,-1.1400000000000008,-0.029874526131693033
1477,-1.1500000000000008,-0.029855135943130356
1478,-1.1600000000000008,-0.029855135943130356
1479,-1.1600000000000008,-0.033628908177833164
1480,-1.1600000000000008,-0.033628908177833164
1481,-1.1600000000000008,-0.030892177925877486
1482,-1.1600000000000008,-0.030892177925877486
1483,-1.1600000000000008,-0.030892177925877486
1484,-1.1600000000000008,-0.033970409056066894
1485,-1.1600000000000008,-0.033970409056066894
1486,-1.1600000000000008,-0.033970409056066894
1487,-1.1600000000000008,-0.03147431168942501
1488,-1.1600000000000008,-0.03147431168942501
1489,-1.1600000000000008,-0.03121427079314722
1490,-1.1600000000000008,-0.03121427079314722
1491,-1.1600000000000008,-0.03121427079314722
1492,-1.1600000000000008,-0.030808572930347236
1493,-1.1600000000000008,-0.030808572930347236
1494,-1.1600000000000008,-0.030307156759182368
1495,-1.1600000000000008,-0.030307156759182368
1496,-1.1600000000000008,-0.030307156759182368
1497,-1.1600000000000008,-0.02973851282093712
1498,-1.1600000000000008,-0.02973851282093712
1499,-1.1600000000000008,-0.02973851282093712
1500,-1.1600000000000008,-0.029393354875919476
1501,-1.1600000000000008,-0.02985748587430588
1502,-1.1600000000000008,-0.02985748587430588
1503,-1.1600000000000008,-0.02985748587430588
1504,-1.1600000000000008,-0.02985748587430588
1505,-1.1600000000000008,-0.030046401118017527
1506,-1.1600000000000008,-0.030046401118017527
1507,-1.1600000000000008,-0.03439163233632503
1508,-1.1600000000000008,-0.03439163233632503
1509,-1.1600000000000008,-0.03439163233632503
1510,-1.1600000000000008,-0.032314195529153114
1511,-1.1600000000000008,-0.032314195529153114
1512,-1.1600000000000008,-0.03244114080766489
1513,-1.1600000000000008,-0.03244114080766489
1514,-1.1600000000000008,-0.0326237123016928
1515,-1.1600000000000008,-0.0326237123016928
1516,-1.1600000000000008,-0.0326237123016928
1517,-1.1600000000000008,-0.03317300277558166
1518,-1.1600000000000008,-0.03317300277558166
1519,-1.1600000000000008,-0.032818198740557226
1520,-1.1600000000000008,-0.032818198740557226
1521,-1.1600000000000008,-0.032818198740557226
1522,-1.1600000000000008,-0.03318324701717332
1523,-1.1600000000000008,-0.03318324701717332
1524,-1.1600000000000008,-0.03278017175478493
1525,-1.1600000000000008,-0.03278017175478493
1526,-1.1600000000000008,-0.03278017175478493
1527,-1.1600000000000008,-0.03278017175478493
1528,-1.1600000000000008,-0.032785178628512435
1529,-1.1600000000000008,-0.035638079508306234
1530,-1.1600000000000008,-0.035638079508306234
1531,-1.1600000000000008,-0.03457701055868458
1532,-1.1600000000000008,-0.03457701055868458
1533,-1.1600000000000008,-0.03457701055868458
1534,-1.1600000000000008,-0.03457701055868458
1535,-1.1600000000000008,-0.03498931424436445
1536,-1.1600000000000008,-0.03580378701205626
1537,-1.1600000000000008,-0.03580378701205626
1538,-1.1600000000000008,-0.03580378701205626
1539,-1.1600000000000008,-0.03723245014414541
1540,-1.1600000000000008,-0.03723245014414541
1541,-1.1600000000000008,-0.034960869347036724
1542,-1.1600000000000008,-0.034960869347036724
1543,-1.1600000000000008,-0.034960869347036724
1544,-1.1600000000000008,-0.034960869347036724
1545,-1.1600000000000008,-0.03440893453057914
1546,-1.1600000000000008,-0.03484745987605348
1547,-1.1600000000000008,-0.03484745987605348
1548,-1.1600000000000008,-0.03484745987605348
1549,-1.1600000000000008,-0.03858237203248085
1550,-1.1600000000000008,-0.03858237203248085
1551,-1.1600000000000008,-0.037481592320640876
1552,-1.1600000000000008,-0.037481592320640876
1553,-1.1600000000000008,-0.037481592320640876
1554,-1.1600000000000008,-0.037481592320640876
1555,-1.1600000000000008,-0.03684116593437935
1556,-1.1600000000000008,-0.037797454839152006
1557,-1.1600000000000008,-0.037797454839152006
1558,-1.1600000000000008,-0.04779745483915201
1559,-1.1600000000000008,-0.04963422391938156
1560,-1.1600000000000008,-0.04963422391938156
1561,-1.1600000000000008,-0.04544045647169388
1562,-1.1600000000000008,-0.04544045647169388
1563,-1.1600000000000008,-0.035618113447359656
1564,-1.1600000000000008,-0.035618113447359656
1565,-1.1600000000000008,-0.035618113447359656
1566,-1.1600000000000008,-0.035618113447359656
1567,-1.1600000000000008,-0.03870206317130563
1568,-1.1600000000000008,-0.03870206317130563
1569,-1.1600000000000008,-0.03950100071987739
1570,-1.1600000000000008,-0.03950100071987739
1571,-1.1600000000000008,-0.03950100071987739
1572,-1.1600000000000008,-0.0388521843462606
1573,-1.1600000000000008,-0.0388521843462606
1574,-1.1600000000000008,-0.04012216838540046
1575,-1.1600000000000008,-0.04012216838540046
1576,-1.1600000000000008,-0.03688713466655314
1577,-1.1600000000000008,-0.03688713466655314
1578,-1.1600000000000008,-0.03688713466655314
1579,-1.1600000000000008,-0.04688713466655314
1580,-1.1600000000000008,-0.04862533191217483
1581,-1.1600000000000008,-0.04862533191217483
1582,-1.1600000000000008,-0.03862533191217483
1583,-1.1600000000000008,-0.03740526098326945
1584,-1.1600000000000008,-0.03740526098326945
1585,-1.1600000000000008,-0.03618462852088782
1586,-1.1600000000000008,-0.046164047665026256
1587,-1.1600000000000008,-0.046164047665026256
1588,-1.1600000000000008,-0.046164047665026256
1589,-1.1600000000000008,-0.05253481005297381
1590,-1.1600000000000008,-0.062314711435006845
1591,-1.1600000000000008,-0.062314711435006845
1592,-1.1600000000000008,-0.062314711435006845
1593,-1.1600000000000008,-0.05231471143500684
1594,-1.1600000000000008,-0.048061286919490374
1595,-1.1600000000000008,-0.048061286919490374
1596,-1.1600000000000008,-0.05581733826094411
1597,-1.1600000000000008,-0.05581733826094411
1598,-1.1600000000000008,-0.05581733826094411
1599,-1.1600000000000008,-0.05581733826094411
1600,-1.1600000000000008,-0.045817338260944106
1601,-1.1600000000000008,-0.05016174491553932
1602,-1.1600000000000008,-0.05016174491553932
1603,-1.1600000000000008,-0.05016174491553932
1604,-1.1600000000000008,-0.04016174491553932
1605,-1.1600000000000008,-0.033020127633235336
1606,-1.1600000000000008,-0.04302012763323534
1607,-1.1600000000000008,-0.05302012763323534
1608,-1.1600000000000008,-0.06302012763323533
1609,-1.1600000000000008,-0.07302012763323533
1610,-1.1600000000000008,-0.08302012763323532
1611,-1.1600000000000008,-0.09302012763323532
1612,-1.1600000000000008,-0.09534640102882534
1613,-1.1600000000000008,-0.09534640102882534
1614,-1.1600000000000008,-0.09534640102882534
1615,-1.1500000000000008,-0.08534640102882535
1616,-1.1600000000000008,-0.07534640102882535
1617,-1.1600000000000008,-0.06534640102882536
1618,-1.1600000000000008,-0.055346401028825355
1619,-1.1600000000000008,-0.05192600671190224
1620,-1.1600000000000008,-0.05192600671190224
1621,-1.1600000000000008,-0.04192600671190224
1622,-1.1600000000000008,-0.03192600671190224
1623,-1.1600000000000008,-0.04166805250563222
1624,-1.1600000000000008,-0.051413931620611225
1625,-1.1600000000000008,-0.051413931620611225
1626,-1.1600000000000008,-0.053504496899592496
1627,-1.1600000000000008,-0.053504496899592496
1628,-1.1600000000000008,-0.04997858249455856
1629,-1.1600000000000008,-0.04997858249455856
1630,-1.1600000000000008,-0.04997858249455856
1631,-1.1600000000000008,-0.04997858249455856
1632,-1.1600000000000008,-0.05344240512652705
1633,-1.1600000000000008,-0.05344240512652705
1634,-1.1600000000000008,-0.04344240512652705
1635,-1.1600000000000008,-0.03808773621707304
1636,-1.1600000000000008,-0.03808773621707304
1637,-1.1600000000000008,-0.04808773621707304
1638,-1.1600000000000008,-0.05808773621707304
1639,-1.1600000000000008,-0.06808773621707304
1640,-1.1600000000000008,-0.07808773621707303
1641,-1.1500000000000008,-0.06808773621707304
1642,-1.1400000000000008,-0.058087736217073034
1643,-1.1400000000000008,-0.04808773621707303
1644,-1.1400000000000008,-0.03808773621707303
1645,-1.1400000000000008,-0.028087736217073028
1646,-1.1400000000000008,-0.03808773621707303
1647,-1.1400000000000008,-0.028087736217073028
1648,-1.1400000000000008,-0.018087736217073026
1649,-1.1400000000000008,-0.008087736217073026
1650,-1.1400000000000008,0.001912263782926974
1651,-1.1400000000000008,0.011912263782926974
1652,-1.1400000000000008,0.001912263782926974
1653,-1.1400000000000008,-0.008087736217073026
1654,-1.1400000000000008,-0.018087736217073026
1655,-1.1400000000000008,-0.028087736217073028
1656,-1.1400000000000008,-0.03808773621707303
1657,-1.1400000000000008,-0.04761259972288388
1658,-1.1400000000000008,-0.04761259972288388
1659,-1.1400000000000008,-0.04761259972288388
1660,-1.1400000000000008,-0.03761259972288388
1661,-1.1400000000000008,-0.04761259972288388
1662,-1.1400000000000008,-0.03761259972288388
1663,-1.1400000000000008,-0.02761259972288388
1664,-1.1400000000000008,-0.01964908763064259
1665,-1.1400000000000008,-0.01964908763064259
1666,-1.1400000000000008,-0.01964908763064259
1667,-1.1400000000000008,-0.02964908763064259
1668,-1.1400000000000008,-0.03964908763064259
1669,-1.1400000000000008,-0.049649087630642595
1670,-1.1400000000000008,-0.05013953191610772
1671,-1.1400000000000008,-0.05013953191610772
1672,-1.1400000000000008,-0.05013953191610772
1673,-1.1400000000000008,-0.05013953191610772
1674,-1.1300000000000008,-0.04013953191610772
1675,-1.1300000000000008,-0.030139531916107715
1676,-1.1300000000000008,-0.020139531916107713
1677,-1.1300000000000008,-0.010139531916107712
1678,-1.1300000000000008,-0.0001395319161077123
1679,-1.1300000000000008,0.009860468083892288
1680,-1.1300000000000008,0.019860468083892288
1681,-1.1200000000000008,0.009860468083892288
1682,-1.1300000000000008,0.019860468083892288
1683,-1.1200000000000008,0.02986046808389229
1684,-1.1100000000000008,0.019860468083892288
1685,-1.1200000000000008,0.02986046808389229
1686,-1.1100000000000008,0.03986046808389229
1687,-1.1100000000000008,0.049860468083892294
1688,-1.1200000000000008,0.059860468083892296
1689,-1.1100000000000008,0.06986046808389229
1690,-1.1200000000000008,0.07986046808389229
1691,-1.1100000000000008,0.08986046808389228
1692,-1.1100000000000008,0.09986046808389228
1693,-1.1100000000000008,0.08986046808389228
1694,-1.1100000000000008,0.09986046808389228
1695,-1.1100000000000008,0.08986046808389228
1696,-1.1100000000000008,0.07986046808389229
1697,-1.1100000000000008,0.06986046808389229
1698,-1.1100000000000008,0.05986046808389229
1699,-1.1100000000000008,0.04986046808389229
1700,-1.1000000000000008,0.039860468083892285
1701,-1.1100000000000008,0.029860468083892283
1702,-1.1000000000000008,0.01986046808389228
1703,-1.1000000000000008,0.009860468083892281
1704,-1.1000000000000008,-0.00013953191610771923
1705,-1.1000000000000008,-0.01013953191610772
1706,-1.1000000000000008,-0.02013953191610772
1707,-1.1000000000000008,-0.03013953191610772
1708,-1.1000000000000008,-0.040139531916107724
1709,-1.1000000000000008,-0.050139531916107725
1710,-1.1000000000000008,-0.06013953191610773
1711,-1.1000000000000008,-0.07013953191610772
1712,-1.1000000000000008,-0.08013953191610772
1713,-1.1000000000000008,-0.09013953191610771
1714,-1.1000000000000008,-0.10013953191610771
1715,-1.1000000000000008,-0.10658012224748788
1716,-1.1000000000000008,-0.10658012224748788
1717,-1.1000000000000008,-0.11658012224748787
1718,-1.1000000000000008,-0.12658012224748788
1719,-1.1000000000000008,-0.11658012224748789
1720,-1.1000000000000008,-0.10658012224748789
1721,-1.1000000000000008,-0.0965801222474879
1722,-1.1000000000000008,-0.08688083098462765
1723,-1.1000000000000008,-0.09688083098462764
1724,-1.1000000000000008,-0.10688083098462764
1725,-1.1000000000000008,-0.11688083098462763
1726,-1.1000000000000008,-0.12688083098462763
1727,-1.1000000000000008,-0.11688083098462763
1728,-1.1000000000000008,-0.10858007624215274
1729,-1.1000000000000008,-0.11858007624215273
1730,-1.1000000000000008,-0.12858007624215273
1731,-1.1000000000000008,-0.13858007624215274
1732,-1.1000000000000008,-0.14858007624215275
1733,-1.1000000000000008,-0.15858007624215276
1734,-1.1000000000000008,-0.16858007624215277
1735,-1.1000000000000008,-0.17858007624215277
1736,-1.1000000000000008,-0.18858007624215278
1737,-1.1000000000000008,-0.1931914525066375
1738,-1.0900000000000007,-0.1831914525066375
1739,-1.0800000000000007,-0.17319145250663748
1740,-1.0700000000000007,-0.16319145250663747
1741,-1.0600000000000007,-0.15319145250663746
1742,-1.0500000000000007,-0.14319145250663745
1743,-1.0600000000000007,-0.15319145250663746
1744,-1.0500000000000007,-0.14319145250663745
1745,-1.0600000000000007,-0.13319145250663744
1746,-1.0500000000000007,-0.12319145250663745
1747,-1.0400000000000007,-0.11319145250663745
1748,-1.0500000000000007,-0.10319145250663746
1749,-1.0500000000000007,-0.09319145250663746
1750,-1.0500000000000007,-0.08319145250663747
1751,-1.0500000000000007,-0.07319145250663747
1752,-1.0500000000000007,-0.06319145250663748
1753,-1.0500000000000007,-0.053191452506637475
1754,-1.0500000000000007,-0.04319145250663747
1755,-1.0500000000000007,-0.053191452506637475
1756,-1.0500000000000007,-0.06319145250663748
1757,-1.0400000000000007,-0.053191452506637475
1758,-1.0300000000000007,-0.04319145250663747
1759,-1.0300000000000007,-0.03319145250663747
1760,-1.0300000000000007,-0.02319145250663747
1761,-1.0300000000000007,-0.01319145250663747
1762,-1.0200000000000007,-0.003191452506637469
1763,-1.0100000000000007,0.0
1764,-1.0200000000000007,0.01
1765,-1.0100000000000007,0.02
1766,-1.0100000000000007,0.03
1767,-1.0200000000000007,0.04
1768,-1.0100000000000007,0.05
1769,-1.0100000000000007,0.060000000000000005
1770,-1.0000000000000007,0.05
1771,-1.0100000000000007,0.060000000000000005
1772,-1.0100000000000007,0.07
1773,-1.0000000000000007,0.08
1774,-1.0100000000000007,0.09
1775,-1.0100000000000007,0.09999999999999999
1776,-1.0000000000000007,0.10999999999999999
1777,-0.9900000000000007,0.09999999999999999
1778,-1.0000000000000007,0.10999999999999999
1779,-1.0000000000000007,0.11999999999999998
1780,-0.9900000000000007,0.12999999999999998
1781,-1.0000000000000007,0.13999999999999999
1782,-0.9900000000000007,0.12999999999999998
1783,-1.0000000000000007,0.13999999999999999
1784,-1.0000000000000007,0.15
1785,-0.9900000000000007,0.16
1786,-1.0000000000000007,0.17
1787,-1.0000000000000007,0.18000000000000002
1788,-0.9900000000000007,0.19000000000000003
1789,-1.0000000000000007,0.20000000000000004
1790,-1.0000000000000007,0.21000000000000005
1791,-0.9900000000000007,0.22000000000000006
1792,-1.0000000000000007,0.23000000000000007
1793,-1.0000000000000007,0.24000000000000007
1794,-0.9900000000000007,0.23000000000000007
1795,-0.9900000000000007,0.24000000000000007
1796,-1.0000000000000007,0.25000000000000006
1797,-0.9900000000000007,0.26000000000000006
1798,-0.9900000000000007,0.2700000000000001
1799,-0.9900000000000007,0.2800000000000001
1800,-0.9900000000000007,0.2900000000000001
1801,-0.9900000000000007,0.3000000000000001
1802,-0.9900000000000007,0.3100000000000001
1803,-0.9900000000000007,0.3200000000000001
1804,-0.9900000000000007,0.3300000000000001
1805,-0.9800000000000006,0.3200000000000001
1806,-0.9700000000000006,0.3100000000000001
1807,-0.9800000000000006,0.3200000000000001
1808,-0.9900000000000007,0.3300000000000001
1809,-0.9800000000000006,0.34000000000000014
1810,-0.9700000000000006,0.35000000000000014
1811,-0.9800000000000006,0.36000000000000015
1812,-0.9900000000000007,0.37000000000000016
1813,-0.9800000000000006,0.38000000000000017
1814,-0.9700000000000006,0.3900000000000002
1815,-0.9700000000000006,0.4000000000000002
1816,-0.9800000000000006,0.4100000000000002
1817,-0.9900000000000007,0.4200000000000002
1818,-0.9800000000000006,0.4300000000000002
1819,-0.9700000000000006,0.4200000000000002
1820,-0.9800000000000006,0.4300000000000002
1821,-0.9900000000000007,0.4400000000000002
1822,-0.9800000000000006,0.45000000000000023
1823,-0.9700000000000006,0.46000000000000024
1824,-0.9800000000000006,0.47000000000000025
1825,-0.9900000000000007,0.48000000000000026
1826,-0.9800000000000006,0.49000000000000027
1827,-0.9700000000000006,0.48000000000000026
1828,-0.9600000000000006,0.47000000000000025
1829,-0.9500000000000006,0.46000000000000024
1830,-0.9400000000000006,0.45000000000000023
1831,-0.9500000000000006,0.46000000000000024
1832,-0.9400000000000006,0.45000000000000023
1833,-0.9300000000000006,0.4400000000000002
1834,-0.9200000000000006,0.4300000000000002
1835,-0.9100000000000006,0.4200000000000002
1836,-0.9200000000000006,0.4300000000000002
1837,-0.9100000000000006,0.4200000000000002
1838,-0.9000000000000006,0.4100000000000002
1839,-0.9100000000000006,0.4200000000000002
1840,-0.9200000000000006,0.4100000000000002
1841,-0.9100000000000006,0.4000000000000002
1842,-0.9000000000000006,0.3900000000000002
1843,-0.8900000000000006,0.38000000000000017
1844,-0.8800000000000006,0.37000000000000016
1845,-0.8700000000000006,0.36000000000000015
1846,-0.8800000000000006,0.35000000000000014
1847,-0.8700000000000006,0.34000000000000014
1848,-0.8600000000000005,0.3300000000000001
1849,-0.8500000000000005,0.3200000000000001
1850,-0.8400000000000005,0.3100000000000001
1851,-0.8500000000000005,0.3000000000000001
1852,-0.8400000000000005,0.2900000000000001
1853,-0.8300000000000005,0.2800000000000001
1854,-0.8200000000000005,0.2700000000000001
1855,-0.8100000000000005,0.26000000000000006
1856,-0.8200000000000005,0.2700000000000001
1857,-0.8100000000000005,0.26000000000000006
1858,-0.8200000000000005,0.25000000000000006
1859,-0.8100000000000005,0.24000000000000005
